lycode,pcode,name,status,oldname
01010,A0010032,行政院組織法,中華民國99年1月12日全文修正,
01011,D0000001,內政部組織法,中華民國106年5月26日修正,
01013,E0000001,外交部組織法,中華民國100年10月28日全文修正,
01014,F0000001,國防部組織法,中華民國101年11月23日全文修正,
01015,G0300001,財政部組織法,中華民國101年1月20日全文修正,
01017,H0000001,教育部組織法,中華民國101年1月20日全文修正,
01018,I0000001,法務部組織法,中華民國107年5月8日修正,
01019,J0000001,經濟部組織法,中華民國106年5月26日修正,
01020,K0000001,交通部組織法,中華民國106年11月7日修正,
01021,D0000044,蒙藏委員會組織法,中華民國106年11月28日廢止,
01022,E0000005,僑務委員會組織法,中華民國100年10月28日全文修正,
01023,T0000001,行政院主計處組織法,中華民國72年5月3日全文修正,
01024,P0000001,行政院新聞局組織條例,中華民國70年1月23日全文修正,
01025,L0000001,行政院衛生署組織法,中華民國104年6月9日廢止,
01026,F0000006,行政院國軍退除役官兵輔導委員會組織條例,中華民國103年1月10日廢止,
01027,J0000040,行政院原子能委員會組織條例,中華民國81年10月30日全文修正,
01028,H0160001,行政院國家科學委員會組織條例,中華民國104年5月26日廢止,
01029,H0000047,行政院文化建設委員會組織條例,中華民國104年5月26日廢止,
01030,H0180001,行政院青年輔導委員會組織條例,中華民國102年12月31日廢止,
01031,M0000001,行政院農業委員會組織條例,中華民國92年12月30日修正,
01032,A0010039,行政院經濟建設委員會組織條例,中華民國104年5月5日廢止,
01033,S0000005,行政院人事行政局組織條例,中華民國103年5月30日廢止,
01034,A0030032,行政院研究發展考核委員會組織條例,中華民國104年5月5日廢止,
01035,H0190006,國立故宮博物院組織法,中華民國96年12月21日全文修正,國立故宮博物院組織條例
01036,N0000001,行政院勞工委員會組織條例,中華民國104年6月9日廢止,
01037,O0000001,行政院環境保護署組織條例,中華民國90年12月28日修正,
01038,F0110001,國防工業發展基金設置條例,中華民國95年12月12日修正,
01039,Q0000001,行政院大陸委員會組織條例,中華民國85年12月31日修正,
01040,A0010037,行政院公共工程委員會組織條例,中華民國84年6月27日制定,
01041,J0150001,行政院公平交易委員會組織條例,中華民國104年5月5日廢止,
01042,F0010030,國防法,中華民國101年5月22日修正,
01046,D0000123,行政院原住民族委員會組織條例,中華民國104年12月1日廢止,行政院原住民委員會組織條例
01047,I0000032,法務部廉政署組織法,中華民國100年4月1日制定,
01049,H0000052,行政院體育委員會組織條例,中華民國102年12月31日廢止,
01050,A0010036,中央行政機關組織基準法,中華民國99年1月12日修正,
01051,S0110038,中央政府機關總員額法,中華民國108年12月10日修正,
01054,D0000129,行政院客家委員會組織條例,中華民國104年12月1日廢止,
01056,D0000128,行政院原住民族委員會文化園區管理局組織條例,中華民國91年1月4日制定,
01057,S0000021,行政院人事行政局地方行政研習中心組織條例,中華民國103年5月30日廢止,
01059,A0010042,檔案管理局組織條例,中華民國104年5月5日廢止,
01060,D0000153,中央選舉委員會組織法,中華民國98年5月22日制定,
01061,A0010091,行政院功能業務與組織調整暫行條例,中華民國108年12月10日修正,
01062,M0000012,行政院農業委員會農業金融局組織條例,中華民國92年12月30日制定,
01063,P0000008,國家通訊傳播委員會組織法,中華民國100年12月14日全文修正,
01065,K0000146,國家運輸安全調查委員會組織法,中華民國108年4月2日全文修正,飛航安全調查委員會組織法
01070,K0090067,國際機場園區發展條例,中華民國107年12月28日修正,
01071,D0000158,客家委員會組織法,中華民國100年6月14日制定,
01073,Q0000012,大陸委員會組織法,中華民國107年5月22日制定,
01074,F0000081,國軍退除役官兵輔導委員會組織法,中華民國102年6月18日制定,
01076,D0000172,原住民族委員會組織法,中華民國103年1月14日制定,
01077,D0000174,原住民族委員會原住民族文化發展中心組織法,中華民國104年12月1日制定,
01078,S0000023,行政院人事行政總處組織法,中華民國100年10月28日制定,
01079,S0000024,行政院人事行政總處公務人力發展中心組織法,中華民國106年12月8日廢止,
01080,S0000025,行政院人事行政總處地方行政研習中心組織法,中華民國106年12月8日廢止,
01081,F0000082,榮民總醫院組織通則,中華民國102年6月18日制定,
01082,T0000004,行政院主計總處組織法,中華民國101年1月20日制定,
01083,A0010106,國家發展委員會組織法,中華民國102年8月6日制定,
01084,A0010107,國家發展委員會檔案管理局組織法,中華民國102年8月6日制定,
01085,H0000143,國家災害防救科技中心設置條例,中華民國103年1月7日制定,
01086,H0000144,國家表演藝術中心設置條例,中華民國103年1月9日制定,
01087,E0000017,駐外機構組織通則,中華民國107年5月22日修正,
01088,D0090030,海洋委員會組織法,中華民國104年6月16日制定,
01089,D0090031,海洋委員會海巡署組織法,中華民國104年6月16日制定,
01090,H0000103,文化部組織法,中華民國100年6月14日制定,
01091,H0000104,文化部影視及流行音樂產業局組織法,中華民國100年6月14日制定,
01092,H0000112,國立國父紀念館組織法,中華民國100年6月14日制定,
01093,H0000111,國立中正紀念堂管理處組織法,中華民國100年6月14日制定,
01094,H0000110,國立歷史博物館組織法,中華民國100年6月14日制定,
01095,H0000109,國立臺灣美術館組織法,中華民國100年6月14日制定,
01096,H0000108,國立臺灣工藝研究發展中心組織法,中華民國100年6月14日制定,
01097,H0000107,國立臺灣博物館組織法,中華民國100年6月14日制定,
01098,J0150011,公平交易委員會組織法,中華民國100年10月28日制定,
01101,D0000015,內政部警政署組織條例,中華民國104年12月1日廢止,
01102,D0000008,內政部營建署組織條例,中華民國70年1月9日制定,
01103,D0000027,國家公園管理處組織通則,中華民國99年5月4日廢止,
01104,N0000002,行政院勞工委員會職業訓練局組織條例,中華民國104年6月9日廢止,
01105,N0000003,行政院勞工委員會職業訓練局職業訓練中心組織通則,中華民國104年6月9日廢止,內政部職業訓練局職業訓練中心組織通則
01106,D0080005,省警務處組織法,中華民國91年5月17日廢止,
01107,D0080006,省保安警察隊組織條例,中華民國91年5月17日廢止,
01108,D0000022,中央警察大學組織條例,中華民國84年12月12日全文修正,中央警官學校組織條例
01109,D0000031,各省市警察學校組織通則,中華民國91年4月25日廢止,
01110,D0020020,中華民國國徽國旗法,中華民國43年10月12日全文修正,
01111,A0030004,褒揚條例,中華民國75年11月18日全文修正,
01112,,褒揚抗戰忠烈條例,中華民國75年11月18日廢止,
01113,D0020023,國葬法,中華民國37年11月9日全文修正,
01114,D0020024,公葬條例,中華民國106年4月11日廢止,
01115,D0020034,墳墓設置管理條例,中華民國91年6月14日廢止,
01116,D0020027,監督寺廟條例,中華民國18年11月30日制定,
01117,D0070105,國家公園法,中華民國99年11月12日修正,
01118,A0030019,請願法,中華民國58年12月5日全文修正,
01119,D0030006,戶籍法,中華民國104年1月6日修正,
01120,D0030014,戶口普查法,中華民國88年4月20日廢止,
01121,D0030001,國籍法,中華民國105年12月9日修正,
01122,D0030002,國籍法施行條例,中華民國91年5月10日廢止,
01123,D0030011,姓名條例,中華民國104年5月5日全文修正,
01124,D0050091,人民團體法,中華民國100年5月27日修正,動員戡亂時期人民團體法;非常時期人民團體組織法
01125,D0050002,兒童福利法,中華民國93年5月21日廢止,
01126,D0050037,老人福利法,中華民國109年5月12日修正,
01127,D0050046,身心障礙者權益保障法,中華民國104年12月1日修正,身心障礙者保護法;殘障福利法
01128,D0050078,社會救助法,中華民國104年12月11日修正,
01129,N0090020,職業介紹法,中華民國81年4月17日廢止,
01130,M0090001,農會法,中華民國105年11月15日修正,
01131,M0050026,漁會法,中華民國105年11月15日修正,
01132,N0020001,工會法,中華民國105年11月1日修正,
01133,D0050103,工業團體法,中華民國107年11月20日修正,
01134,D0050100,商業團體法,中華民國104年1月23日修正,
01135,D0050108,教育會法,中華民國103年10月24日修正,
01136,D0050112,合作社法,中華民國104年5月19日修正,
01137,D0050098,中華民國紅十字會法,中華民國105年7月12日廢止,
01139,N0030001,勞動基準法,中華民國109年5月22日修正,
01140,N0030007,工廠法,中華民國107年11月6日廢止,
01141,N0070001,勞動檢查法,中華民國109年5月22日修正,工廠檢查法
01142,N0060001,職業安全衛生法,中華民國108年4月26日修正,勞工安全衛生法
01143,N0020007,勞資爭議處理法,中華民國105年12月30日修正,
01144,N0020006,團體協約法,中華民國104年6月15日修正,
01145,,最低工資法,中華民國75年11月21日廢止,
01146,N0030010,勞動契約法,中華民國25年12月11日制定,
01147,N0040001,職工福利金條例,中華民國104年6月15日修正,
01148,N0050001,勞工保險條例,中華民國104年6月15日修正,
01150,D0060001,土地法,中華民國100年5月27日修正,
01151,D0060002,土地法施行法,中華民國100年5月27日修正,
01152,D0060008,耕地三七五減租條例,中華民國91年4月25日修正,
01153,D0060030,實施耕者有其田條例,中華民國82年7月9日廢止,
01154,D0060009,平均地權條例,中華民國108年7月1日修正,實施都市平均地權條例
01155,D0060019,農地重劃條例,中華民國100年5月27日修正,
01156,D0070030,區域計畫法,中華民國89年1月6日修正,
01157,D0060014,水陸地圖審查條例,中華民國93年4月23日廢止,
01158,D0070109,建築法,中華民國108年12月13日修正,
01159,D0070112,建築師法,中華民國102年12月31日修正,
01160,D0070081,國民住宅條例,中華民國103年12月23日廢止,
01161,D0070001,都市計畫法,中華民國108年12月13日修正,
01162,D0070007,市區道路條例,中華民國92年12月23日修正,
01163,D0070060,工程受益費徵收條例,中華民國89年10月24日修正,
01164,J0110055,自來水法,中華民國108年11月19日修正,
01165,D0070058,下水道法,中華民國107年5月8日修正,
01166,D0080001,警察法,中華民國91年5月17日修正,
01167,S0020005,警察人員人事條例,中華民國107年5月29日,警察人員管理條例
01168,D0080007,警察教育條例,中華民國91年5月14日修正,
01169,D0080036,警察服制條例,中華民國105年4月8日修正,
01170,D0080026,警察勤務條例,中華民國97年6月12日修正,
01171,D0080042,警械使用條例,中華民國91年6月4日全文修正,
01172,D0080077,違警罰法,中華民國80年6月29日廢止,
01173,D0080103,警察獎章條例,中華民國32年6月12日制定,
01174,D0080037,自衛槍枝管理條例,中華民國91年6月4日修正,
01175,D0080047,槍砲彈藥刀械管制條例,中華民國109年5月22日修正,
01176,J0070017,著作權法,中華民國108年4月16日修正,
01177,D0020010,公職人員選舉罷免法,中華民國109年4月17日修正,動員戡亂時期公職人員選舉罷免法
01178,D0120001,消防法,中華民國108年10月29日修正,
01179,D0050024,少年福利法,中華民國93年5月21日廢止,
01180,J0170001,消費者保護法,中華民國104年6月2日修正,
01181,D0050084,農民健康保險條例,中華民國107年12月14日修正,
01183,D0080067,社會秩序維護法,中華民國108年12月6日修正,
01186,D0070110,營造業法,中華民國108年5月31日修正,
01187,D0070118,公寓大廈管理條例,中華民國105年11月1日修正,
01189,L0060001,全民健康保險法,中華民國108年12月13日修正,
01191,D0070008,都市更新條例,中華民國107年12月28日全文修正,
01192,D0080081,保全業法,中華民國108年5月31日修正,
01194,D0070032,新市鎮開發條例,中華民國108年12月13日修正,
01195,D0070249,都市危險及老舊建築物加速重建條例,中華民國109年4月17日修正,
01199,D0080058,集會遊行法,中華民國91年6月4日修正,
01201,D0020078,政黨法,中華民國106年11月10日制定,
01202,D0000034,臺灣警察專科學校組織條例,中華民國77年4月16日制定,
01203,D0080132,入出國及移民法,中華民國105年11月1日修正,
01204,D0020036,第一屆資深中央民意代表自願退職條例,中華民國78年1月26日制定,
01206,D0060066,不動產經紀業管理條例,中華民國100年12月13日修正,
01207,D0060125,租賃住宅市場發展及管理條例,中華民國106年11月28日制定,
01208,D0080118,民防法,中華民國108年3月22日修正,
01209,D0000036,內政部警政署保安警察總隊組織通則,中華民國104年12月1日廢止,
01210,A0000009,中華民國領海及鄰接區法,中華民國87年1月2日制定,
01211,D0130037,原住民族語言發展法,中華民國106年5月26日制定,
01212,D0130003,原住民族基本法,中華民國107年5月29日修正,
01215,D0090001,行政院海岸巡防署組織法,中華民國94年5月27日修正,
01216,D0070222,海岸管理法,中華民國104年1月20日制定,
01218,D0020049,政治獻金法,中華民國107年5月29日修正,
01220,D0000053,內政部警政署國家公園警察大隊組織條例,中華民國104年12月1日廢止,
01221,D0000068,內政部警政署刑事警察局組織條例,中華民國104年12月1日廢止,
01222,D0000043,內政部警政署國道公路警察局組織條例,中華民國104年12月1日廢止,
01224,I0020013,二二八事件處理及賠償條例,中華民國106年12月26日修正,二二八事件處理及補償條例
01227,D0130001,原住民身分法,中華民國97年11月14日修正,
01228,D0050125,社會工作師法,中華民國108年12月13日修正,
01229,D0060058,土地徵收條例,中華民國100年12月13日修正,
01230,D0050152,國民年金法,中華民國109年5月19日修正,
01231,K0000084,國家風景區管理處組織通則,中華民國89年5月30日修正,
01232,D0060007,農村社區土地重劃條例,中華民國91年11月22日修正,
01233,M0090015,老年農民福利津貼暫行條例,中華民國107年5月18日修正,
01234,D0050023,兒童及少年性剝削防制條例,中華民國106年12月15日修正,兒童及少年性交易防制條例
01235,A0030121,離島建設條例,中華民國108年4月26日修正,
01236,D0000069,內政部消防署組織條例,中華民國94年5月27日修正,
01237,D0080079,性侵害犯罪防治法,中華民國104年12月8日修正,
01239,D0000071,內政部建築研究所組織條例,中華民國104年12月1日廢止,
01240,D0050042,敬老福利生活津貼暫行條例,中華民國97年9月30日期滿廢止,
01242,J0070019,著作權集體管理團體條例,中華民國99年1月12日全文修正,著作權仲介團體條例
01248,D0120014,災害防救法,中華民國108年5月7日修正,
01249,D0070046,共同管道法,中華民國89年5月30日制定,
01250,D0000051,內政部兒童局組織條例,中華民國104年6月9日廢止,
01251,D0000059,內政部警政署航空警察局組織條例,中華民國104年12月1日廢止,
01252,D0000105,內政部警政署警察電訊所組織條例,中華民國104年12月1日廢止,
01253,D0050071,家庭暴力防治法,中華民國104年1月23日修正,
01254,D0070230,國土計畫法,中華民國109年4月17日修正,
01255,C0010031,刑事案件確定後去氧核醣核酸鑑定條例,中華民國105年11月1日制定,
01256,D0080186,去氧核醣核酸採樣條例,中華民國100年12月14日修正,
01257,D0000038,內政部警政署水上警察局組織條例,中華民國91年5月17日廢止,
01258,A0030242,花東地區發展條例,中華民國100年6月13日制定,
01260,D0000135,內政部移民署組織法,中華民國102年8月6日全文修正,內政部入出國及移民署組織法
01263,A0000010,中華民國專屬經濟海域及大陸礁層法,中華民國86年12月30日制定,
01266,D0060089,地籍清理條例,中華民國108年4月16日修正,
01269,D0060081,地政士法,中華民國106年12月29日修正,
01274,D0050138,公益勸募條例,中華民國108年12月13日修正,
01275,D0050074,性騷擾防治法,中華民國98年1月12日修正,
01277,D0090009,海岸巡防法,中華民國108年5月31日全文修正,
01279,D0090002,行政院海岸巡防署海洋巡防總局組織條例,中華民國106年5月26日修正,
01280,D0090004,行政院海岸巡防署海岸巡防總局各地區巡防局組織通則,中華民國106年5月26日修正,
01281,D0090003,行政院海岸巡防署海岸巡防總局組織條例,中華民國106年5月26日修正,
01282,D0050075,特殊境遇家庭扶助條例,中華民國108年12月13日修正,特殊境遇婦女家庭扶助條例
01286,D0000065,內政部役政署組織條例,中華民國104年12月1日廢止,
01287,D0050131,志願服務法,中華民國108年12月13日修正,
01290,D0070195,住宅法,中華民國105年12月23日全文修正,
01294,D0080088,警察刑事紀錄證明核發條例,中華民國101年12月28日修正,
01295,D0080075,當舖業法,中華民國108年12月13日修正,
01296,D0000070,內政部消防署港務消防隊組織通則,中華民國90年10月25日制定,
01301,E0000003,駐外使領館組織條例,中華民國66年12月30日修正,
01302,E0000002,外交部外交領事人員講習所組織條例,中華民國63年12月6日修正,
01303,E0030001,護照條例,中華民國104年5月22日全文修正,出國護照條例
01304,I0030001,引渡法,中華民國69年6月20日修正,
01305,,解決國家與他國國民間投資爭端公約施行條例,中華民國82年7月9日廢止,
01306,E0020005,駐華外國機構及其人員特權暨豁免條例,中華民國86年4月15日修正,
01307,E0000004,外交部領事事務局組織條例,中華民國81年1月7日制定,
01308,E0000016,外交部外交及國際事務學院組織法,中華民國100年10月28日制定,
01309,E0020021,條約締結法,中華民國104年6月12日制定,
01311,E0030002,外國護照簽證條例,中華民國91年12月31日全文修正,
01313,E0030012,外交部及駐外館處文件證明條例,中華民國106年11月7日修正,
01314,E0000015,外交部領事事務局組織法,中華民國100年10月28日制定,
01401,F0000002,國防部參謀本部組織條例,中華民國103年1月10日廢止,國防部參謀本部組織法
01402,F0000003,後備軍人會組織通則,中華民國89年12月1日廢止,
01403,F0040003,陸海空軍軍官服役條例,中華民國88年4月20日廢止,
01404,F0040005,陸海空軍士官服役條例,中華民國88年4月20日廢止,
01405,F0040007,志願士兵服役條例,中華民國109年4月28日修正,
01406,F0030002,陸海空軍軍官士官任官條例,中華民國108年11月19日修正,
01407,F0030004,陸海空軍軍官士官任職條例,中華民國108年11月19日修正,
01408,F0030005,陸海空軍軍官士官考績條例,中華民國108年11月19日修正,
01409,F0050001,軍人保險條例,中華民國108年5月3日修正,陸海空軍軍人保險條例
01410,F0030008,陸海空軍勳賞條例,中華民國105年10月21日修正,
01411,F0030010,陸海空軍獎勵條例,中華民國96年6月14日修正,
01412,F0030012,空軍勛獎條例,中華民國37年12月31日全文修正,
01413,F0030015,軍人婚姻條例,中華民國94年11月22日廢止,戡亂時期軍人婚姻條例;戡亂時期陸海空軍軍人婚姻條例
01414,,反共抗俄戰士授田條例,中華民國78年12月12日廢止,
01415,D0040008,軍人及其家屬優待條例,中華民國97年7月15日修正,
01416,F0050003,軍人撫卹條例,中華民國108年5月3日修正,
01417,F0040001,兵役法,中華民國109年4月28日修正,
01418,F0040002,兵役法施行法,中華民國109年4月28日修正,
01419,A0030024,國家總動員法,中華民國92年12月16日廢止,
01420,F0070004,軍事徵用法,中華民國92年12月16日廢止,
01421,F0120007,戰時禁制品條例,中華民國44年5月20日制定,
01422,F0060002,陸軍服制條例,中華民國95年1月3日廢止,
01423,F0060001,海軍服制條例,中華民國95年1月3日廢止,
01424,F0060003,空軍服制條例,中華民國95年1月3日廢止,
01425,F0060005,陸海空軍軍旗條例,中華民國96年6月14日修正,
01427,A0030296,促進轉型正義條例,中華民國106年12月5日制定,
01428,F0070002,戒嚴法,中華民國37年12月31日修正,
01429,F0070001,要塞堡壘地帶法,中華民國91年4月2日修正,
01430,F0070006,防空法,中華民國94年1月7日廢止,
01431,K0050008,戡亂時期郵電抽查條例,中華民國84年1月12日廢止,
01432,F0120001,陸海空軍刑法,中華民國108年11月5日修正,
01433,F0030013,陸海空軍懲罰法,中華民國104年4月21日全文修正,
01434,F0120003,戰時軍律,中華民國91年12月10日廢止,
01435,F0120004,妨害軍機治罪條例,中華民國92年12月16日廢止,
01436,F0120006,海上捕獲條例,中華民國44年5月20日全文修正,
01437,D0060017,測量標設置保護條例,中華民國96年12月14日廢止,
01438,F0120008,軍事審判法,中華民國108年3月19日修正,
01439,F0120009,軍事審判法施行法,中華民國88年10月1日全文修正,
01440,,海上捕獲法庭審判條例,中華民國69年6月20日修正,
01441,A0030028,國家安全法,中華民國108年6月19日修正,動員戡亂時期國家安全法
01443,F0140009,戰士授田憑據處理條例,中華民國108年4月26日廢止,
01446,F0060007,陸海空軍服制條例,中華民國103年1月10日全文修正,
01447,K0000050,漢翔航空工業股份有限公司設置條例,中華民國108年12月6日廢止,
01448,F0040020,陸海空軍軍官士官服役條例,中華民國107年6月20日全文修正,
01449,F0140013,國軍老舊眷村改建條例,中華民國109年4月28日修正,
01450,F0000036,國軍軍事勤務致人民傷亡損害補償條例,中華民國108年5月31日修正,
01452,F0080007,軍事教育條例,中華民國105年10月21日修正,
01456,D0040017,替代役實施條例,中華民國107年12月28日修正,
01458,F0000067,國防部主計局組織條例,中華民國103年1月10日廢止,
01459,F0070013,全民防衛動員準備法,中華民國108年5月31日修正,
01460,F0000066,國防部總政治作戰局組織條例,中華民國103年1月10日廢止,
01461,A0020041,國家情報工作法,中華民國108年12月13日修正,
01464,F0000071,國防部軍備局組織條例,中華民國103年1月10日廢止,
01465,F0000068,國防部軍醫局組織條例,中華民國103年1月10日廢止,
01466,F0090021,殺傷性地雷管制條例,中華民國108年5月31日修正,
01468,F0080014,全民國防教育法,中華民國94年1月11日制定,
01472,F0030038,軍人待遇條例,中華民國96年12月18日制定,
01473,F0040030,推動募兵制暫行條例,中華民國104年9月15日制定,
01475,F0000083,國家中山科學研究院設置條例,中華民國103年1月10日制定,
01477,F0000078,國防部政治作戰局組織法,中華民國101年11月27日制定,
01478,F0000075,國防部軍備局組織法,中華民國101年11月27日制定,
01479,F0000076,國防部軍醫局組織法,中華民國101年11月27日制定,
01480,F0000077,國防部主計局組織法,中華民國101年11月27日制定,
01481,F0000074,國防部參謀本部組織法,中華民國101年11月27日制定,
01483,F0110024,國防產業發展條例,中華民國108年5月31日制定,
01501,G0300002,財政部國庫署組織條例,中華民國88年6月22日全文修正,
01502,G0300017,財政部賦稅署組織條例,中華民國76年5月19日修正,
01503,G0300003,財政部國有財產局組織條例,中華民國86年3月21日全文修正,
01504,G0300005,財政部各地區國稅局組織通則,中華民國101年1月20日全文修正,
01505,G0300006,財政部各地區支付處組織通則,中華民國61年12月30日制定,
01506,G0300019,財政部財稅人員訓練所組織條例,中華民國72年12月9日制定,
01507,G0300016,財政部證券暨期貨管理委員會組織條例,中華民國86年3月11日全文修正,財政部證券管理委員會組織條例
01508,G0320015,財政收支劃分法,中華民國88年1月13日修正,
01509,G0340023,財務罰鍰處理暫行條例,中華民國93年4月9日修正,
01510,G0320003,國庫法,中華民國91年4月25日修正,
01511,G0320001,公庫法,中華民國98年4月14日全文修正,
01512,G0340001,稅捐稽徵法,中華民國109年4月28日修正,
01513,G0340003,所得稅法,中華民國108年7月1日修正,
01515,G0340072,遺產及贈與稅法,中華民國106年5月26日修正,
01516,G0340091,印花稅法,中華民國91年4月25日修正,
01517,G0340076,貨物稅條例,中華民國108年12月3日修正,
01518,G0340078,證券交易稅條例,中華民國107年4月13日修正,
01519,G0340096,土地稅法,中華民國104年6月12日修正,
01520,G0340021,勘報災歉條例,中華民國91年4月2日廢止,
01521,G0340080,加值型及非加值型營業稅法,中華民國106年5月26日修正,營業稅法
01522,G0340095,使用牌照稅法,中華民國106年11月14日修正,
01523,G0330017,國產菸酒類稅條例,中華民國81年4月10日廢止,
01524,G0340102,房屋稅條例,中華民國103年5月20日修正,房捐條例
01525,G0340105,契稅條例,中華民國99年4月20日修正,
01526,G0340115,所得基本稅額條例,中華民國106年4月21日修正,
01527,G0340106,娛樂稅法,中華民國96年5月4日修正,筵席及娛樂稅法
01528,G0350001,關稅法,中華民國107年4月13日修正,
01530,G0350029,海關緝私條例,中華民國107年4月13日修正,
01531,G0380001,銀行法,中華民國108年3月26日修正,
01532,G0410001,中央銀行法,中華民國102年12月24日修正,
01533,G0380006,交通銀行條例,中華民國94年12月6日廢止,
01534,G0380007,中國農民銀行條例,中華民國94年12月6日廢止,
01535,G0380009,中國國際商業銀行條例,中華民國94年12月6日廢止,中國銀行條例
01536,G0380010,中國輸出入銀行條例,中華民國104年6月15日修正,
01537,G0380008,中央信託局條例,中華民國72年11月1日全文修正,
01538,G0380011,合作金庫條例,中華民國104年6月15日廢止,
01539,,省銀行條例,中華民國82年7月9日廢止,
01540,,縣銀行法,中華民國82年7月9日廢止,
01541,G0380037,國際金融業務條例,中華民國105年12月9日修正,
01542,G0400001,證券交易法,中華民國109年5月5日修正,
01543,G0390001,中央再保險公司條例,中華民國93年6月11日廢止,
01544,G0380039,存款保險條例,中華民國104年1月20日修正,
01546,G0380021,銀行業戰前存款放款清償條例,中華民國37年12月31日全文修正,
01547,G0380026,管理外匯條例,中華民國98年4月14日修正,
01548,G0320008,國庫券及短期借款條例,中華民國91年1月16日修正,國庫券發行條例
01549,G0360023,政府發展經濟社會向國外借款及保證條例,中華民國71年6月8日修正,
01550,G0360022,中央政府建設公債及借款條例,中華民國91年5月14日修正,中央政府建設公債發行條例
01551,,中國農民銀行土地債券法,中華民國37年12月31日修正,
01552,G0360005,民國二十三年第一期鐵路建設公債條例,中華民國23年4月20日制定,
01553,G0360006,第二期鐵路建設公債條例,中華民國25年1月24日制定,
01554,G0360007,第三期鐵路建設公債條例,中華民國25年2月14日制定,
01555,G0360001,民國二十三年六釐英金庚款公債條例,中華民國23年5月18日制定,
01556,G0360008,民國二十六年京贛鐵路建設公債條例,中華民國25年12月11日制定,
01557,G0360002,民國三十六年美金公債條例,中華民國36年3月27日制定,
01559,G0360004,民國三十八年整理美金公債條例,中華民國38年5月24日制定,
01561,G0360030,中華民國五十五年度公債發行條例,中華民國82年12月16日廢止,
01562,G0360031,中華民國五十六年度公債發行條例,中華民國82年12月16日廢止,
01563,G0360011,中華民國五十六年度愛國公債發行條例,中華民國55年5月31日制定,
01564,G0360032,中華民國五十七年度公債發行條例,中華民國82年12月16日廢止,
01565,G0360012,中華民國五十七年度愛國公債發行條例,中華民國56年5月30日制定,
01566,,中華民國五十八年度公債發行條例,中華民國82年12月16日廢止,
01567,,中華民國五十九年度公債發行條例,中華民國82年12月16日廢止,
01568,,中華民國六十年度公債發行條例,中華民國82年9月12日廢止,
01569,G0360013,中華民國六十一年度公債發行條例,中華民國63年1月19日修正,
01570,G0360014,中華民國六十二年度公債發行條例,中華民國63年1月19日修正,
01571,G0360017,中央政府興建臺灣區高速公路第一期工程建設公債發行條例,中華民國63年1月19日修正,
01572,G0360016,臺灣地區公共建設土地債券發行條例,中華民國91年4月25日廢止,
01574,,省市政府建設公債發行條例,中華民國91年4月25日廢止,
01575,G0360015,臺灣地區平均地權土地債券發行條例,中華民國91年4月25日廢止,
01576,,興建臺中港第一期工程建設公債發行條例,中華民國91年5月14日廢止,
01577,,興建臺中港第二期工程建設公債發行條例,中華民國91年5月14日廢止,
01578,,興建臺中港第三期工程建設公債發行條例,中華民國91年5月14日廢止,
01579,G0360021,臺灣鐵路電氣化工程建設公債發行條例,中華民國91年5月14日廢止,
01580,G0360026,臺北市自來水工程建設公債發行條例,中華民國91年5月14日廢止,
01581,G0320017,煤業安定基金條例,中華民國93年6月11日廢止,
01582,G0330001,臺灣省內菸酒專賣暫行條例,中華民國91年5月10日廢止,
01583,G0370001,國有財產法,中華民國107年11月6日修正,
01584,G0400067,會計師法,中華民國106年12月29日修正,
01585,I0020024,信託法,中華民國98年12月15日修正,
01586,G0300026,財政部關稅總局組織條例,中華民國87年10月29日修正,
01587,G0340110,記帳士法,中華民國105年10月21日修正,
01588,G0380058,信用合作社法,中華民國106年12月29日修正,
01589,G0300024,財政部財稅資料中心組織條例,中華民國97年6月12日修正,
01591,G0390060,強制汽車責任保險法,中華民國104年12月18日修正,
01592,G0340107,規費法,中華民國106年5月26日修正,
01597,G0360028,中央政府興建臺灣北部區域第二高速公路建設公債發行條例,中華民國76年1月13日制定,
01599,G0350037,關務人員人事條例,中華民國99年5月4日修正,
01603,D0060076,不動產估價師法,中華民國108年5月31日修正,
01605,G0300027,財政部關稅總局各地區關稅局組織通則,中華民國87年10月29日修正,
01606,G0300028,財政部金融局組織條例,中華民國80年5月17日制定,
01607,G0380048,現行法規所定貨幣單位折算新臺幣條例,中華民國81年6月30日制定,
01608,G0380187,公益彩券發行條例,中華民國105年10月21日修正,
01609,D0050128,儲蓄互助社法,中華民國104年1月23日修正,
01611,G0300030,財政部國有財產局各地區辦事處組織通則,中華民國86年3月21日制定,
01613,G0340108,地方稅法通則,中華民國91年11月19日制定,
01614,G0310027,信託業法,中華民國106年12月29日修正,
01616,G0360033,公共債務法,中華民國102年6月27日全文修正,
01618,G0400100,期貨交易法,中華民國107年12月25日修正,
01622,G0330010,菸酒稅法,中華民國106年5月26日修正,
01623,G0330011,菸酒管理法,中華民國106年12月8日修正,
01624,G0330027,臺灣菸酒股份有限公司條例,中華民國91年4月25日制定,
01625,G0380185,日據時代株式會社台灣銀行海外分支機構存款及匯款處理條例,中華民國90年5月11日修正,日據時代株式會社台灣銀行海外分支機構特別當座預金處理條例
01626,G0340079,期貨交易稅條例,中華民國97年7月15日修正,
01629,G0400038,證券投資人及期貨交易人保護法,中華民國109年5月22日修正,
01631,G0380146,票券金融管理法,中華民國107年11月20日修正,
01633,G0300040,國家金融安定基金設置及管理條例,中華民國105年10月21日修正,
01634,G0380098,金融機構合併法,中華民國104年11月24日全文修正,
01637,G0380117,行政院金融重建基金設置及管理條例,中華民國104年6月15日修正,
01638,G0380112,金融控股公司法,中華民國107年12月25日修正,
01639,G0300035,金融監督管理委員會組織法,中華民國100年6月14日全文修正,行政院金融監督管理委員會組織法
01642,G0380122,金融資產證券化條例,中華民國103年5月20日修正,
01643,G0380169,不動產證券化條例,中華民國106年11月14日修正,
01645,G0360010,中華民國五十五年度愛國公債發行條例,中華民國54年5月4日制定,
01646,M0070013,農業金融法,中華民國105年12月30日修正,
01648,A0030060,擴大公共建設振興經濟暫行條例,中華民國93年5月4日期滿廢止,
01651,A0030062,擴大公共建設投資特別條例,中華民國98年12月31日期滿廢止,
01652,G0400121,證券投資信託及顧問法,中華民國106年12月29日修正,
01655,G0340142,納稅者權利保護法,中華民國105年12月9日制定,
01656,G0300043,金融監督管理委員會銀行局組織法,中華民國100年6月14日全文修正,行政院金融監督管理委員會銀行局組織法
01657,G0300044,金融監督管理委員會證券期貨局組織法,中華民國100年6月14日全文修正,行政院金融監督管理委員會證券期貨局組織法
01658,G0300045,金融監督管理委員會保險局組織法,中華民國100年6月14日全文修正,行政院金融監督管理委員會保險局組織法
01659,G0300046,金融監督管理委員會檢查局組織法,中華民國100年6月14日全文修正,行政院金融監督管理委員會檢查局組織法
01661,H0120050,運動彩券發行條例,中華民國109年5月22日修正,
01662,A0030234,振興經濟擴大公共建設特別條例,中華民國101年12月31日期滿廢止,
01666,G0380254,金融科技發展與創新實驗條例,中華民國106年12月29日制定,
01668,G0320026,臺灣金融控股股份有限公司條例,中華民國106年12月29日修正,
01670,G0300053,財政部關務署組織法,中華民國101年1月20日制定,
01671,G0300054,財政部國有財產署組織法,中華民國101年1月20日制定,
01672,G0300055,財政部財政資訊中心組織法,中華民國101年1月20日制定,
01674,G0300051,財政部國庫署組織法,中華民國101年1月20日制定,
01675,G0300052,財政部賦稅署組織法,中華民國101年1月20日制定,
01700,H0000026,教育部國民體育委員會組織條例,中華民國88年12月7日廢止,
01701,H0000003,教育部教育研究委員會組織條例,中華民國102年12月31日廢止,
01702,H0000002,教育部學術審議委員會組織條例,中華民國102年12月31日廢止,
01703,H0000005,教育部訓育委員會組織條例,中華民國102年12月31日廢止,
01704,H0000004,教育部國語推行委員會組織條例,中華民國102年12月31日廢止,
01705,H0000006,教育部醫學教育委員會組織條例,中華民國102年12月31日廢止,
01706,H0000012,國立編譯館組織條例,中華民國102年12月31日廢止,
01707,H0000014,國立教育資料館組織條例,中華民國102年12月31日廢止,
01708,H0000011,國家圖書館組織條例,中華民國102年12月31日廢止,國立中央圖書館組織條例
01709,H0000013,國立歷史博物館組織條例,中華民國104年5月26日廢止,
01710,H0000016,國立臺灣科學教育館組織條例,中華民國102年12月31日廢止,
01711,H0030001,大學法,中華民國108年11月26日修正,
01712,H0030020,空中大學設置條例,中華民國103年1月3日全文修正,國立空中大學設置條例
01713,H0030010,學位授予法,中華民國107年11月9日全文修正,
01714,H0040001,專科學校法,中華民國108年4月23日修正,
01715,H0040006,職業學校法,中華民國105年4月26日廢止,
01716,H0060001,高級中學法,中華民國105年4月26日廢止,
01717,H0050001,師資培育法,中華民國108年11月26日修正,師範教育法
01718,H0070001,國民教育法,中華民國105年5月17日修正,
01719,H0070007,幼稚教育法,中華民國103年5月30日廢止,
01720,H0070002,強迫入學條例,中華民國108年3月29日修正,
01721,H0020001,私立學校法,中華民國103年5月30日修正,
01722,H0080001,社會教育法,中華民國104年4月21日廢止,
01723,H0080002,補習及進修教育法,中華民國106年5月26日修正,補習教育法;補習學校法
01724,H0080027,特殊教育法,中華民國108年3月29日修正,
01725,H0120001,國民體育法,中華民國106年8月31日全文修正,
01726,H0150004,學校教職員退休條例,中華民國108年4月9日廢止,
01727,H0150013,私立學校教職員保險條例,中華民國88年5月11日廢止,
01728,,捐資興學褒獎條例,中華民國82年7月9日廢止,
01729,H0020016,軍公教遺族就學費用優待條例,中華民國88年12月30日修正,革命抗戰功勳子女就學優待辦法
01730,H0170143,國家語言發展法,中華民國107年12月25日制定,
01731,A0030134,檔案法,中華民國97年6月12日修正,
01732,H0000029,國立中正紀念堂管理處組織條例,中華民國104年5月26日廢止,
01733,H0000028,國立國父紀念館組織條例,中華民國104年5月26日廢止,
01734,H0020040,教師法,中華民國108年5月10日全文修正,
01736,H0000025,國立中央圖書館臺灣分館組織條例,中華民國102年12月31日廢止,
01737,H0000027,國立臺灣藝術教育館組織條例,中華民國102年12月31日廢止,
01738,H0000031,國立自然科學博物館組織條例,中華民國102年12月31日廢止,
01739,H0170040,國立中正文化中心設置條例,中華民國104年5月26日廢止,
01740,H0170037,藝術教育法,中華民國104年12月11日修正,
01741,H0020045,教育基本法,中華民國102年11月26日修正,
01744,H0030025,國立大學校院校務基金設置條例,中華民國104年1月23日全文修正,
01745,H0000121,國立科學工藝博物館組織法,中華民國101年1月20日制定,
01747,H0150046,教師待遇條例,中華民國104年5月22日制定,
01748,H0020037,原住民族教育法,中華民國108年5月24日全文修正,
01749,H0040028,技術及職業教育法,中華民國108年12月10日修正,
01750,H0010008,圖書館法,中華民國104年1月20日修正,
01751,H0080050,家庭教育法,中華民國108年4月23日全文修正,
01754,T0020018,教育經費編列與管理法,中華民國104年12月18日修正,
01756,H0000119,國立海洋生物博物館組織法,中華民國101年1月20日制定,
01764,A0010026,國史館臺灣文獻館組織條例,中華民國90年10月4日制定,
01765,H0080048,終身學習法,中華民國107年5月18日修正,
01766,H0020050,學校衛生法,中華民國104年12月14日修正,
01770,H0000100,國家教育研究院組織法,中華民國99年11月16日制定,
01771,H0000138,國家運動訓練中心設置條例,中華民國103年1月7日制定,
01773,H0080067,性別平等教育法,中華民國107年12月7日修正,
01774,H0070059,高級中等以下教育階段非學校型態實驗教育實施條例,中華民國106年12月29日全文修正,
01779,H0060031,國立高級中等學校校務基金設置條例,中華民國104年4月21日修正,
01780,H0150032,學校法人及其所屬私立學校教職員退休撫卹離職資遣條例,中華民國108年4月9日修正,
01781,H0120056,運動產業發展條例,中華民國106年11月7日修正,
01782,H0000116,教育部體育署組織法,中華民國101年1月20日制定,
01783,H0000117,教育部國民及學前教育署組織法,中華民國101年1月20日制定,
01784,H0000124,國立公共資訊圖書館組織法,中華民國101年1月20日制定,
01785,H0000113,國立傳統藝術中心組織法,中華民國100年6月14日制定,
01786,H0060043,高級中等教育法,中華民國105年5月17日修正,
01788,H0060042,高級中等學校建教合作實施及建教生權益保障法,中華民國101年12月14日制定,
01789,H0000118,國家圖書館組織法,中華民國101年1月20日制定,
01790,H0070060,學校型態實驗教育實施條例,中華民國106年12月29日全文修正,
01791,H0000120,國立自然科學博物館組織法,中華民國101年1月20日制定,
01792,H0070058,學生輔導法,中華民國103年10月28日制定,
01793,H0000122,國立臺灣科學教育館組織法,中華民國101年1月20日制定,
01794,H0000125,國立臺灣圖書館組織法,中華民國101年1月20日制定,
01795,H0000129,教育部青年發展署組織法,中華民國102年5月31日制定,
01796,H0070062,公立高級中等以下學校委託私人辦理實驗教育條例,中華民國106年12月29日全文修正,公立國民小學及國民中學委託私人辦理條例
01798,H0080098,社區大學發展條例,中華民國107年5月18日制定,
01799,H0070054,各級學校扶助學生就學勸募條例,中華民國102年12月10日制定,
01801,I0000003,法務部調查局組織法,中華民國96年11月30日全文修正,法務部調查局組織條例;司法行政部調查局組織條例
01802,I0000004,法務部調查局幹部訓練所組織條例,中華民國69年7月18日修正,司法行政部調查局幹部訓練所組織條例
01803,I0000002,法務部司法官訓練所組織條例,中華民國104年5月26日廢止,司法行政部司法官訓練所組織條例
01804,I0000005,監獄組織通則,中華民國105年5月3日廢止,監獄組織條例;監獄條例
01805,I0000006,看守所組織通則,中華民國105年5月3日廢止,看守所組織條例;看守所條例
01806,I0020006,律師法,中華民國108年12月13日全文修正,
01807,I0020001,仲裁法,中華民國104年11月13日修正,商務仲裁條例
01808,B0010014,外國法院委託事件協助法,中華民國52年4月12日制定,
01809,I0040001,監獄行刑法,中華民國108年12月17日全文修正,
01810,I0040003,行刑累進處遇條例,中華民國95年5月19日修正,
01811,I0020004,國家賠償法,中華民國108年12月3日修正,
01812,C0010009,刑事補償法,中華民國100年6月13日全文修正,冤獄賠償法
01813,I0030003,罰金罰鍰提高標準條例,中華民國98年4月14日廢止,戡亂時期罰金罰鍰提高標準條例;戡亂時期罰金罰鍰裁判費執行費公證費提高標準條例
01814,I0040005,羈押法,中華民國108年12月10日全文修正,
01815,I0040040,戡亂時期監所人犯處理條例,中華民國80年1月15日廢止,
01816,I0040013,外役監條例,中華民國109年5月22日修正,
01817,I0030002,保安處分執行法,中華民國100年1月10日修正,
01818,I0050001,更生保護法,中華民國99年5月4日修正,
01819,I0040018,少年觀護所設置及實施通則,中華民國96年6月15日修正,少年觀護所條例
01820,I0040019,少年輔育院條例,中華民國99年5月4日修正,
01821,A0030023,行政執行法,中華民國99年1月12日修正,
01823,C0010017,中華民國七十七年罪犯減刑條例,中華民國77年4月16日制定,
01824,I0000008,法務部技能訓練所組織條例,中華民國105年5月3日廢止,
01825,Q0010001,臺灣地區與大陸地區人民關係條例,中華民國108年7月3日修正,
01826,I0070001,政風機構人員設置管理條例,中華民國101年1月20日全文修正,政風機構人員設置條例
01827,K0060044,通訊保障及監察法,中華民國107年5月8日修正,
01829,I0050021,個人資料保護法,中華民國104年12月15日修正,電腦處理個人資料保護法
01830,A0030055,行政程序法,中華民國104年12月11日修正,
01831,I0000009,法務部法醫研究所組織條例,中華民國102年5月14日廢止,
01832,I0000010,法務部矯正人員訓練所組織條例,中華民國105年5月3日廢止,
01833,A0000007,戒嚴時期人民受損權利回復條例,中華民國89年1月15日修正,
01834,I0050005,犯罪被害人保護法,中華民國104年12月11日修正,
01835,G0380131,洗錢防制法,中華民國107年11月2日修正,
01836,I0060003,國家機密保護法,中華民國109年5月22日修正,
01839,Q0010003,香港澳門關係條例,中華民國106年11月28日修正,
01840,I0040043,少年矯正學校設置及教育實施通則,中華民國99年5月4日修正,
01841,C0010023,戒治處分執行條例,中華民國96年3月2日修正,
01842,C0010022,觀察勒戒處分執行條例,中華民國107年5月29日修正,
01843,I0000011,法務部戒治所組織通則,中華民國105年5月3日廢止,
01848,I0000016,法務部行政執行署組織條例,中華民國102年5月14日廢止,
01849,I0000017,行政執行處組織通則,中華民國102年5月14日廢止,
01853,A0030286,政黨及其附隨組織不當取得財產處理條例,中華民國105年7月25日制定,
01854,A0030210,行政罰法,中華民國100年11月8日修正,
01858,I0020030,財團法人法,中華民國107年6月27日制定,
01864,I0020028,公民與政治權利國際公約及經濟社會文化權利國際公約施行法,中華民國98年3月31日制定,
01865,I0070011,聯合國反貪腐公約施行法,中華民國104年5月5日制定,
01871,I0000024,法務部矯正署組織法,中華民國99年8月19日制定,
01872,I0000039,法務部司法官學院組織法,中華民國102年4月30日制定,
01875,I0030044,跨國移交受刑人法,中華民國102年1月4日制定,
01876,I0000034,法務部行政執行署組織法,中華民國100年6月14日制定,
01877,I0000033,法務部法醫研究所組織法,中華民國100年6月14日制定,
01884,I0030047,資恐防制法,中華民國107年11月2日修正,
01901,J0000031,經濟部中央地質調查所組織條例,中華民國66年11月4日制定,
01903,J0000011,經濟部工業局組織條例,中華民國73年4月6日全文修正,
01904,J0000015,經濟部中央標準局組織條例,中華民國91年6月11日廢止,
01905,J0000019,經濟部加工出口區管理處組織條例,中華民國92年12月26日修正,
01906,J0000020,經濟部加工出口區管理處所屬各分處組織通則,中華民國68年4月17日修正,
01907,J0000028,工業技術研究院設置條例,中華民國70年5月8日修正,
01908,J0000034,中華經濟研究院設置條例,中華民國70年1月23日制定,
01909,J0000010,經濟部國際貿易局組織條例,中華民國66年12月16日修正,
01910,J0000032,經濟部國際貿易局所屬各辦事處組織通則,中華民國67年3月17日制定,
01911,J0000013,經濟部商品檢驗局組織條例,中華民國88年11月30日廢止,
01912,J0000014,經濟部商品檢驗局所屬各分局組織通則,中華民國91年6月11日廢止,
01913,J0000026,經濟部水資源統一規劃委員會組織條例,中華民國88年11月30日廢止,
01914,J0000036,經濟部中小企業處組織條例,中華民國73年11月16日制定,
01916,J0120012,臺灣地區砂糖平準基金條例,中華民國66年10月28日修正,
01917,J0010023,非常時期農礦工商管理條例,中華民國83年1月18日廢止,戰時農礦工商管理條例
01918,J0020001,礦業法,中華民國105年11月15日修正,
01919,J0020005,海域石油礦探採條例,中華民國93年5月4日廢止,
01921,J0020008,礦場安全法,中華民國89年10月27日修正,
01922,J0030011,電業法,中華民國108年5月7日修正,
01923,J0050001,加工出口區設置管理條例,中華民國99年5月7日修正,
01924,J0070007,專利法,中華民國108年4月16日修正,
01925,J0100044,標準法,中華民國86年11月11日全文修正,
01926,J0100052,度量衡法,中華民國98年1月6日修正,
01927,J0040003,技術合作條例,中華民國84年7月12日廢止,
01928,J0040010,獎勵投資條例,中華民國80年1月1日期滿廢止,
01929,J0040001,華僑回國投資條例,中華民國86年10月30日全文修正,
01930,J0040002,外國人投資條例,中華民國86年10月30日全文修正,
01931,J0030022,技師法,中華民國100年5月31日全文修正,
01932,J0080009,商業會計法,中華民國103年5月30日修正,
01933,J0080004,商業登記法,中華民國105年4月19日修正,
01934,J0120001,國營事業管理法,中華民國100年12月14日修正,
01935,J0030008,民營公用事業監督條例,中華民國108年11月5日廢止,
01936,J0070001,商標法,中華民國105年11月15日修正,
01937,J0100001,商品檢驗法,中華民國96年6月14日修正,
01938,J0080011,商品標示法,中華民國100年1月10日修正,
01939,J0120044,公營事業移轉民營條例,中華民國91年12月27日修正,
01940,J0080017,在臺公司大陸地區股東股權行使條例,中華民國81年7月3日全文修正,戡亂時期在臺公司陷區股東股權行使條例
01941,J0110001,水利法,中華民國107年5月29日修正,
01943,J0130002,能源管理法,中華民國105年11月15日修正,
01944,J0120021,鹽政條例,中華民國93年1月9日廢止,
01945,J0150002,公平交易法,中華民國106年5月26日修正,
01946,J0030043,工廠管理輔導法,中華民國108年6月27日修正,
01948,J0090004,貿易法,中華民國108年12月3日修正,
01949,J0140001,中小企業發展條例,中華民國104年12月18日修正,
01956,G0400102,國外期貨交易法,中華民國88年4月20日廢止,
01957,J0040016,促進產業升級條例,中華民國99年4月16日廢止,
01958,D0070062,促進民間參與公共建設法,中華民國107年11月6日修正,
01959,E0000012,國際合作發展基金會設置條例,中華民國102年4月30日修正,
01961,J0080044,零售市場管理條例,中華民國96年6月8日制定,
01962,J0070034,專利師法,中華民國107年11月2日修正,
01963,K0020019,獎勵民間參與交通建設條例,中華民國104年5月29日修正,
01965,J0020025,土石採取法,中華民國96年12月14日修正,
01966,J0070027,積體電路電路布局保護法,中華民國91年5月17日修正,
01967,J0080028,營業秘密法,中華民國108年12月31日修正,
01968,J0030079,冷凍空調業管理條例,中華民國93年3月30日制定,
01969,J0000060,經濟部水資源局組織條例,中華民國95年1月13日廢止,
01970,J0080024,電子遊戲場業管理條例,中華民國105年12月9日修正,
01977,J0000061,經濟部智慧財產局組織條例,中華民國100年12月12日修正,
01978,J0000051,經濟部標準檢驗局組織條例,中華民國87年10月1日制定,
01979,J0070009,專利審查官資格條例,中華民國89年1月14日制定,
01980,J0070004,商標審查官資格條例,中華民國89年1月14日制定,
01981,J0020019,石油管理法,中華民國103年5月20日修正,
01984,J0000052,經濟部標準檢驗局所屬各分局組織通則,中華民國88年1月14日制定,
01985,J0020052,地質法,中華民國99年11月16日制定,
01987,J0080037,電子簽章法,中華民國90年10月31日制定,
01988,G0380237,電子支付機構管理條例,中華民國106年12月29日修正,
01989,J0020042,事業用爆炸物管理條例,中華民國108年11月26日修正,
01991,J0110039,基隆河流域整治特別條例,中華民國100年10月30日期滿廢止,
01992,J0000063,經濟部水利署臺北水源特定區管理局組織條例,中華民國91年1月4日制定,
01993,J0000064,經濟部水利署各區水資源局組織通則,中華民國91年1月4日制定,
01994,J0000067,經濟部水利署各河川局組織通則,中華民國91年1月4日制定,
01995,J0000068,經濟部水利署水利規劃試驗所組織條例,中華民國91年1月4日制定,
01996,J0000062,經濟部水利署組織條例,中華民國91年1月4日制定,
02001,K0000003,交通部公路總局組織法,中華民國91年5月10日廢止,
02002,K0000004,交通部臺灣區國道高速公路局組織條例,中華民國67年7月11日制定,
02003,K0000027,交通部觀光局組織條例,中華民國90年6月1日修正,
02004,K0000006,交通部郵政總局組織法,中華民國93年6月11日廢止,
02005,K0000009,交通部郵政總局郵區管理局組織通則,中華民國93年6月11日廢止,
02006,K0000007,郵政儲金匯業局組織法,中華民國93年6月11日廢止,
02007,K0000011,交通部電信總局組織條例,中華民國96年6月14日廢止,
02008,K0000012,交通部電信總局所屬各區電信管理局組織通則,中華民國91年6月7日廢止,
02009,K0000014,交通部航政局組織法,中華民國27年12月2日修正,
02010,K0000019,交通部民用航空局組織條例,中華民國87年5月29日全文修正,
02011,K0000025,交通部中央氣象局組織條例,中華民國84年1月5日修正,
02012,K0000026,交通部中央氣象局附屬氣象測報機構組織通則,中華民國76年11月13日全文修正,交通部中央氣象局附屬測站組織通則
02013,K0000033,交通部運輸研究所組織條例,中華民國90年6月5日全文修正,
02014,K0030001,鐵路法,中華民國109年5月5日修正,
02015,K0030015,鐵路軍事運輸條例,中華民國55年11月11日制定,
02016,K0040001,公路法,中華民國105年12月16日修正,
02017,K0040012,道路交通管理處罰條例,中華民國109年5月22日修正,
02018,K0110001,發展觀光條例,中華民國108年5月31日修正,
02019,K0050001,郵政法,中華民國107年11月20日修正,
02020,K0050010,郵政國內匯兌法,中華民國92年4月29日廢止,
02021,K0050009,郵政儲金法,中華民國92年4月29日廢止,
02022,K0050011,簡易人壽保險法,中華民國107年11月9日修正,
02023,K0060001,電信法,中華民國102年11月26日修正,
02024,K0020001,戰時交通電業設備及器材防護條例,中華民國86年4月18日廢止,戰時交通設備及器材防護條例
02025,K0070001,航業法,中華民國103年1月3日修正,
02026,K0070004,船舶法,中華民國107年11月6日修正,
02027,K0070021,船舶登記法,中華民國64年5月23日全文修正,
02028,K0080001,商港法,中華民國100年12月6日全文修正,
02029,K0070030,航路標識條例,中華民國107年11月2日全文修正,
02030,K0070028,引水法,中華民國91年1月8日修正,
02031,K0090001,民用航空法,中華民國107年4月3日修正,
02032,K0100003,氣象法,中華民國104年6月15日修正,
02033,K0120001,大眾捷運法,中華民國103年5月20日修正,
02034,K0040033,停車場法,中華民國105年10月21日修正,
02036,K0070042,船員法,中華民國103年12月9日修正,
02037,K0120010,公營大眾捷運股份有限公司設置管理條例,中華民國91年4月2日修正,
02039,K0000046,交通部民用航空局飛航服務總臺組織條例,中華民國87年5月29日制定,
02041,K0000053,中華電信股份有限公司條例,中華民國103年12月9日廢止,
02043,K0020040,大眾運輸工具播音語言平等保障法,中華民國89年3月31日制定,
02044,K0000057,交通部民用航空局民航人員訓練所組織條例,中華民國89年1月14日制定,
02049,K0020032,交通部郵電事業人員退休撫卹條例,中華民國92年1月14日制定,
02050,K0000058,交通部公路總局組織法,中華民國105年11月1日全文修正,交通部公路總局組織條例
02051,K0000059,交通部公路總局各區養護工程處組織通則,中華民國90年12月25日制定,
02052,K0000061,交通部公路總局各區監理所組織通則,中華民國90年12月25日制定,
02053,K0000060,交通部公路總局材料試驗所組織條例,中華民國90年12月25日制定,
02054,K0000063,交通部基隆港務局組織條例,中華民國106年11月7日廢止,
02055,K0000064,交通部基隆港務局棧埠管理處組織條例,中華民國90年12月25日制定,
02056,K0000065,交通部基隆港務局港埠工程處組織條例,中華民國90年12月25日制定,
02057,K0000066,交通部基隆港務局船舶機械修造工廠組織條例,中華民國90年12月25日制定,
02058,K0000068,交通部基隆港務局蘇澳港分局組織條例,中華民國90年12月25日制定,
02059,K0000067,交通部基隆港務局船舶管理所組織條例,中華民國90年12月25日制定,
02060,K0000069,交通部基隆港務局臺北港分局組織條例,中華民國90年12月25日制定,
02061,K0000070,交通部臺中港務局組織條例,中華民國106年11月7日廢止,
02062,K0000071,交通部臺中港務局棧埠管理處組織條例,中華民國90年12月28日制定,
02063,K0000072,交通部臺中港務局港埠工程處組織條例,中華民國90年12月28日制定,
02064,K0000073,交通部臺中港務局船舶機械修造工廠組織條例,中華民國90年12月28日制定,
02065,K0000074,交通部高雄港務局組織條例,中華民國106年11月7日廢止,
02066,K0000075,交通部高雄港務局棧埠管理處組織條例,中華民國90年12月28日制定,
02067,K0000082,交通部高雄港務局港埠工程處組織條例,中華民國90年12月28日制定,
02068,K0000076,交通部高雄港務局船舶機械修造工廠組織條例,中華民國90年12月28日制定,
02069,K0000078,交通部高雄港務局安平港分局組織條例,中華民國90年12月28日制定,
02070,K0000077,交通部高雄港務局各地辦事處組織通則,中華民國90年12月28日制定,
02071,K0000079,交通部花蓮港務局組織條例,中華民國106年11月7日廢止,
02072,K0000081,交通部花蓮港務局港埠工程處組織條例,中華民國90年12月28日制定,
02073,K0000080,交通部花蓮港務局棧埠管理處組織條例,中華民國90年12月28日制定,
02074,K0020041,發展大眾運輸條例,中華民國108年5月31日修正,
02075,K0000083,交通部民用航空局所屬航空站組織通則,中華民國92年5月6日制定,
02076,J0110040,溫泉法,中華民國99年4月20日修正,
02077,K0050015,郵政儲金匯兌法,中華民國103年1月14日修正,
02078,K0000056,中華郵政股份有限公司設置條例,中華民國91年6月11日制定,
02080,K0000106,交通部臺灣鐵路管理局組織條例,中華民國93年5月18日制定,
02081,K0000107,交通部臺灣鐵路管理局所屬分支機構組織通則,中華民國103年1月3日修正,
02083,K0000108,交通部臺灣鐵路管理局各機廠組織通則,中華民國93年5月18日制定,
02084,K0090057,運輸事故調查法,中華民國108年4月2日全文修正,飛航事故調查法
02085,K0000110,交通部臺灣鐵路管理局餐旅服務總所組織條例,中華民國93年5月18日制定,
02086,K0000109,交通部臺灣鐵路管理局貨運服務總所組織條例,中華民國93年5月18日制定,
02090,G0380207,電子票證發行管理條例,中華民國106年12月29日修正,
02092,K0000138,國營國際機場園區股份有限公司設置條例,中華民國98年6月12日制定,
02101,D0000045,蒙古盟部旗組織法,中華民國95年1月13日廢止,
02102,D0100005,管理喇嘛寺廟條例,中華民國92年5月27日廢止,
02103,,蒙藏委員會流亡蒙胞就業就學輔導委員會組織條例,中華民國83年11月10日廢止,
02104,D0100007,蒙藏族身分證明條例,中華民國91年11月26日制定,
02203,K0000145,國營港務股份有限公司設置條例,中華民國100年10月25日制定,
02301,T0020001,預算法,中華民國105年11月15日修正,
02302,T0020005,決算法,中華民國100年5月6日修正,
02303,T0030001,會計法,中華民國108年11月5日修正,
02304,T0040001,統計法,中華民國107年5月29日全文修正,
02305,T0010003,主計機構人員設置管理條例,中華民國101年11月20日全文修正,
02306,T0000002,行政院主計處電子處理資料中心組織條例,中華民國68年4月3日制定,
02308,A0030057,政府採購法,中華民國108年4月30日修正,
02309,A0020062,中央政府預算執行暫行條例,中華民國87年6月30日期滿廢止,
02311,G0320034,財政紀律法,中華民國108年3月19日制定,
02401,P0000002,行政院新聞局駐外新聞機構組織通則,中華民國70年1月20日全文修正,
02402,P0030001,出版法,中華民國88年1月12日廢止,
02403,P0030003,出版獎助條例,中華民國91年12月13日廢止,
02404,P0020002,新聞記者法,中華民國93年1月9日廢止,
02405,P0040002,電影法,中華民國104年5月22日全文修正,
02406,P0050001,廣播電視法,中華民國107年5月22日修正,
02407,P0050005,廣播電視事業發展基金條例,中華民國97年7月15日廢止,
02409,P0050008,有線廣播電視法,中華民國107年5月22日修正,有線電視法
02410,P0000006,中央通訊社設置條例,中華民國87年12月29日修正,
02411,P0050025,公共電視法,中華民國98年12月11日修正,
02412,P0000007,中央廣播電臺設置條例,中華民國85年1月17日制定,
02413,H0000048,國立教育廣播電臺組織條例,中華民國102年12月31日廢止,
02414,H0000049,國立教育廣播電臺分臺組織通則,中華民國102年12月31日廢止,
02415,P0050013,衛星廣播電視法,中華民國107年5月22日修正,
02417,P0010005,通訊傳播基本法,中華民國105年10月21日修正,
02418,P0050030,無線電視事業公股處理條例,中華民國109年4月28日修正,
02421,H0000123,國立教育廣播電臺組織法,中華民國101年1月20日制定,
02501,,行政院衛生署環境保護局組織條例,中華民國77年4月16日廢止,
02502,L0000011,中央衛生實驗院組織條例,中華民國89年12月1日廢止,
02503,L0000010,行政院衛生署預防醫學研究所組織條例,中華民國89年12月1日廢止,
02504,L0000008,行政院衛生署藥物食品檢驗局組織條例,中華民國100年5月20日廢止,
02505,L0000007,行政院衛生署管制藥品管理局組織條例,中華民國100年5月20日廢止,行政院衛生署麻醉藥品經理處組織條例
02506,L0000009,行政院衛生署檢疫總所組織條例,中華民國89年12月1日廢止,
02507,O0040010,飲用水管理條例,中華民國95年1月6日修正,
02508,L0020001,醫師法,中華民國108年12月13日修正,
02509,L0030066,藥師法,中華民國108年12月13日修正,藥劑師法
02510,L0030001,藥事法,中華民國106年12月29日修正,藥物藥商管理法
02511,L0070003,助產人員法,中華民國108年12月13日修正,助產士法
02512,L0030010,管制藥品管理條例,中華民國106年5月26日修正,麻醉藥品管理條例
02513,L0040001,食品安全衛生管理法,中華民國108年5月24日修正,食品衛生管理法
02514,L0040006,營養師法,中華民國108年12月13日修正,
02515,L0030013,化粧品衛生安全管理法,中華民國107年4月10日全文修正,化粧品衛生管理條例
02516,L0050001,傳染病防治法,中華民國108年5月24日修正,傳染病防治條例
02517,L0070001,優生保健法,中華民國98年6月12日修正,
02518,O0050001,廢棄物清理法,中華民國106年5月26日修正,
02519,O0020001,空氣污染防制法,中華民國107年6月25日全文修正,
02520,O0040001,水污染防治法,中華民國107年5月18日修正,
02521,O0030001,噪音管制法,中華民國97年11月11日全文修正,
02522,,捐資興辦衛生事業褒獎條例,中華民國75年11月18日廢止,
02523,L0020013,獎勵醫藥技術條例,中華民國94年1月14日廢止,
02524,L0020015,解剖屍體條例,中華民國73年5月15日全文修正,
02525,,眼角膜移植條例,中華民國77年11月17日廢止,
02526,L0020030,精神衛生法,中華民國108年12月13日修正,
02528,L0070024,人工生殖法,中華民國106年12月15日修正,
02529,O0130001,室內空氣品質管理法,中華民國100年11月8日制定,
02531,L0000054,衛生福利部食品藥物管理署組織法,中華民國102年5月31日全文修正,行政院衛生署食品藥物管理局組織法
02533,L0020021,醫療法,中華民國108年12月13日修正,
02535,L0020024,人體器官移植條例,中華民國104年6月12日修正,
02536,L0020189,病人自主權利法,中華民國108年5月24日修正,
02538,L0020164,人體生物資料庫管理條例,中華民國108年5月24日修正,
02540,L0020090,醫事檢驗師法,中華民國108年12月13日修正,
02541,L0020176,人體研究法,中華民國107年12月14日修正,
02542,L0020166,護理人員法,中華民國108年12月13日修正,
02544,L0020118,血液製劑條例,中華民國107年12月14日修正,
02545,L0050004,人類免疫缺乏病毒傳染防治及感染者權益保障條例,中華民國107年5月18日修正,後天免疫缺乏症候群防治條例
02546,L0000025,行政院衛生署中醫藥委員會組織條例,中華民國104年6月9日廢止,
02547,L0020045,緊急醫療救護法,中華民國101年12月25日修正,
02549,L0070021,菸害防制法,中華民國98年1月12日修正,
02550,H0000057,國立中國醫藥研究所組織條例,中華民國104年6月9日廢止,
02551,L0020044,物理治療師法,中華民國108年12月13日修正,
02552,L0020089,醫事放射師法,中華民國108年12月13日修正,
02553,L0020039,職能治療師法,中華民國108年12月13日修正,
02554,L0000026,衛生福利部中央健康保險署組織法,中華民國102年5月31日全文修正,行政院衛生署中央健康保險局組織法;中央健康保險局組織條例
02555,L0000030,財團法人國家衛生研究院設置條例,中華民國88年1月14日修正,
02556,L0040012,健康食品管理法,中華民國108年12月13日修正,
02557,L0020009,醫事人員人事條例,中華民國95年4月25日全文修正,
02561,L0000024,行政院衛生署疾病管制局組織條例,中華民國104年6月9日廢止,
02562,L0020066,安寧緩和醫療條例,中華民國101年12月21日修正,
02563,L0030003,罕見疾病防治及藥物法,中華民國103年12月30日修正,
02564,L0030023,藥害救濟法,中華民國108年12月13日修正,
02565,L0070008,癌症防治法,中華民國107年5月8日修正,
02566,L0020098,心理師法,中華民國108年12月13日修正,
02567,L0020065,促進醫療服務業發展條例,中華民國95年1月13日廢止,
02569,L0020190,驗光人員法,中華民國108年12月13日修正,
02571,L0000046,行政院衛生署國民健康局組織條例,中華民國104年6月9日廢止,
02572,L0020150,牙體技術師法,中華民國108年12月13日修正,
02574,L0020099,呼吸治療師法,中華民國108年12月13日修正,
02576,L0070009,口腔健康法,中華民國105年12月23日修正,
02578,L0050007,嚴重急性呼吸道症候群防治及紓困暫行條例,中華民國93年12月31日期滿廢止,
02579,L0020216,公共衛生師法,中華民國109年5月15日制定,
02582,I0010052,法醫師法,中華民國108年4月9日修正,
02584,L0020135,語言治療師法,中華民國108年12月13日修正,
02586,L0020149,聽力師法,中華民國108年12月13日修正,
02588,L0070040,長期照顧服務法,中華民國108年5月24日修正,
02591,L0000055,衛生福利部組織法,中華民國107年5月29日修正,
02592,L0000056,衛生福利部疾病管制署組織法,中華民國102年5月31日制定,
02593,L0000057,衛生福利部國民健康署組織法,中華民國102年5月31日制定,
02594,L0000059,衛生福利部國家中醫藥研究所組織法,中華民國102年5月31日制定,
02596,L0070039,油症患者健康照護服務條例,中華民國105年11月1日修正,
02597,L0000058,衛生福利部社會及家庭署組織法,中華民國102年5月31日制定,
02601,F0150001,國軍退除役官兵輔導條例,中華民國106年3月31日修正,
02701,J0160001,原子能法,中華民國60年12月14日修正,
02702,J0000047,行政院原子能委員會輻射偵測中心組織條例,中華民國85年6月21日全文修正,臺灣輻射偵測工作站組織條例
02703,J0000048,行政院原子能委員會放射性物料管理局組織條例,中華民國85年1月9日全文修正,放射性待處理物料管理處組織條例
02704,J0000045,行政院原子能委員會核能研究所組織條例,中華民國78年12月15日制定,
02708,J0160056,核子事故緊急應變法,中華民國92年12月9日制定,
02709,J0160015,放射性物料管理法,中華民國91年12月10日制定,
02710,J0160009,游離輻射防護法,中華民國91年1月4日制定,
02711,J0160019,核子反應器設施管制法,中華民國91年12月20日制定,
02712,J0160079,低放射性廢棄物最終處置設施場址設置條例,中華民國95年4月28日制定,
02801,H0160004,科學園區設置管理條例,中華民國107年5月15日全文修正,科學工業園區設置管理條例
02802,H0160006,科學工業園區管理局組織條例,中華民國104年5月26日廢止,
02805,H0160033,財團法人國家同步輻射研究中心設置條例,中華民國91年5月24日制定,
02806,H0160034,財團法人國家實驗研究院設置條例,中華民國91年5月24日制定,
02807,H0160028,科學技術基本法,中華民國106年5月26日修正,
02809,H0160042,南部科學工業園區管理局組織條例,中華民國104年5月26日廢止,
02813,H0000087,行政院國家科學委員會中部科學工業園區管理局組織法,中華民國104年5月26日廢止,
02814,J0040046,生技新藥產業發展條例,中華民國105年12月30日修正,
02815,H0000139,科技部組織法,中華民國108年11月26日修正,
02817,H0000140,科技部新竹科學園區管理局組織法,中華民國108年11月26日全文修正,科技部新竹科學工業園區管理局組織法
02818,H0000141,科技部中部科學園區管理局組織法,中華民國108年11月26日全文修正,科技部中部科學工業園區管理局組織法
02819,H0000142,科技部南部科學園區管理局組織法,中華民國108年11月26日全文修正,科技部南部科學工業園區管理局組織法
02822,H0000151,國家資通安全科技中心設置條例,中華民國105年5月3日廢止,
02823,A0030297,資通安全管理法,中華民國107年5月11日制定,
02901,H0170001,文化資產保存法,中華民國105年7月12日全文修正,
02902,H0170006,文化藝術獎助條例,中華民國91年5月21日修正,
02903,H0000056,國家文化藝術基金會設置條例,中華民國106年11月28日修正,
02905,H0170101,博物館法,中華民國104年6月15日制定,
02908,H0170102,水下文化資產保存法,中華民國104年11月24日制定,
02909,D0130022,財團法人原住民族文化事業基金會設置條例,中華民國105年5月24日修正,
02911,H0000105,文化部文化資產局組織法,中華民國100年6月14日制定,
02913,H0000106,國立臺灣史前文化博物館組織法,中華民國100年6月14日制定,
02916,H0000132,國立海洋科技博物館組織法,中華民國102年12月31日制定,
03101,M0020001,農業發展條例,中華民國105年11月11日修正,
03102,M0110006,山坡地保育利用條例,中華民國107年12月28日修正,
03103,M0030006,農倉業法,中華民國89年10月13日廢止,
03104,M0030007,農倉業法施行條例,中華民國89年10月13日廢止,
03105,M0140012,農藥管理法,中華民國107年5月8日修正,
03106,M0030070,農產品市場交易法,中華民國108年6月21日修正,
03107,M0040001,森林法,中華民國105年11月15日修正,
03108,M0050001,漁業法,中華民國107年12月7日修正,
03110,M0130001,獸醫師法,中華民國108年11月26日修正,
03111,M0130003,動物傳染病防治條例,中華民國108年12月3日修正,家畜傳染病防治條例
03112,M0130015,動物用藥品管理法,中華民國105年10月21日修正,
03113,M0060001,飼料管理法,中華民國104年1月23日修正,
03114,M0030011,蠶種製造條例,中華民國88年11月30日廢止,
03116,M0110001,水土保持法,中華民國105年11月15日修正,
03117,M0030024,植物品種及種苗法,中華民國107年5月8日修正,植物種苗法
03118,M0120001,野生動物保育法,中華民國102年1月8日修正,
03120,M0100001,農田水利會組織通則,中華民國107年1月17日修正,
03122,M0030039,肥料管理法,中華民國91年5月24日修正,
03123,M0030037,糧食管理法,中華民國108年6月21日修正,
03127,M0050010,漁港法,中華民國95年1月6日全文修正,
03128,M0060023,畜牧法,中華民國99年11月5日修正,
03130,M0140001,植物防疫檢疫法,中華民國107年5月29日修正,
03134,M0060027,動物保護法,中華民國107年12月7日修正,
03136,M0000006,行政院農業委員會動植物防疫檢疫局組織條例,中華民國90年1月4日修正,
03137,M0000007,行政院農業委員會動植物防疫檢疫局所屬各分局組織通則,中華民國90年1月4日全文修正,
03138,M0000004,行政院農業委員會漁業署組織條例,中華民國87年5月29日制定,
03140,M0000013,行政院農業委員會農糧署組織條例,中華民國93年1月2日制定,
03141,M0000014,行政院農業委員會農糧署各分署組織通則,中華民國93年1月2日制定,
03148,M0000037,行政院農業委員會水土保持局組織法,中華民國96年6月15日制定,
03164,M0000036,農業科技園區設置管理條例,中華民國105年4月19日修正,
03166,M0060072,農產品生產及驗證管理法,中華民國108年12月3日全文修正,
03167,M0050037,投資經營非我國籍漁船管理條例,中華民國105年7月5日全文修正,
03168,M0110017,農村再生條例,中華民國99年7月14日制定,
03182,M0030093,有機農業促進法,中華民國107年5月8日制定,
03186,M0050051,遠洋漁業條例,中華民國105年7月5日制定,
03187,M0070072,農業保險法,中華民國109年5月12日制定,
03301,S0000015,公務人員住宅及福利委員會組織條例,中華民國103年5月30日廢止,
03302,S0000029,行政院人事行政總處公務人力發展學院組織法,中華民國106年3月31日制定,
03401,I0020026,政府資訊公開法,中華民國94年12月6日制定,
03614,N0080001,職業訓練法,中華民國104年6月15日修正,
03615,N0090001,就業服務法,中華民國107年11月9日修正,
03616,N0030014,性別工作平等法,中華民國105年5月3日修正,兩性工作平等法
03617,N0000015,行政院勞工委員會勞工安全衛生研究所組織條例,中華民國104年6月9日廢止,
03618,N0000016,勞工保險局組織條例,中華民國104年6月9日廢止,
03619,N0000017,勞工保險監理委員會組織條例,中華民國104年6月9日廢止,
03623,N0030020,勞工退休金條例,中華民國108年4月26日修正,
03624,N0060041,職業災害勞工保護法,中華民國107年11月6日修正,
03626,N0020012,大量解僱勞工保護法,中華民國104年6月15日修正,
03627,D0130006,原住民族工作權保障法,中華民國104年1月22日修正,
03631,N0050021,就業保險法,中華民國104年1月20日修正,
03632,N0000026,勞工退休基金監理會組織法,中華民國104年6月9日廢止,
03633,N0090021,公共服務擴大就業暫行條例,中華民國93年6月18日期滿廢止,
03637,N0000030,勞動部組織法,中華民國103年1月9日制定,
03638,N0000035,勞動部勞工保險局組織法,中華民國103年1月9日制定,
03639,N0000033,勞動部勞動力發展署組織法,中華民國103年1月9日制定,
03640,N0000034,勞動部勞動基金運用局組織法,中華民國103年1月9日制定,
03641,N0000031,勞動部勞動及職業安全衛生研究所組織法,中華民國103年1月9日制定,
03642,N0000032,勞動部職業安全衛生署組織法,中華民國103年1月9日制定,
03706,O0060012,毒性及關注化學物質管理法,中華民國107年12月21日全文修正,毒性化學物質管理法
03707,O0100001,環境基本法,中華民國91年11月19日制定,
03710,O0080001,公害糾紛處理法,中華民國98年6月2日修正,
03712,O0000004,行政院環境保護署環境檢驗所組織條例,中華民國83年12月29日修正,
03713,O0000005,行政院環境保護署環境保護人員訓練所組織條例,中華民國83年12月29日修正,
03714,O0120001,環境教育法,中華民國106年11月7日修正,
03716,O0090001,環境影響評估法,中華民國91年12月17日修正,
03717,O0020098,溫室氣體減量及管理法,中華民國104年6月15日制定,
03718,O0110001,土壤及地下水污染整治法,中華民國99年1月8日全文修正,
03719,O0060001,環境用藥管理法,中華民國105年11月18日修正,
03723,O0040026,海洋污染防治法,中華民國103年5月20日修正,
03725,O0050049,資源回收再利用法,中華民國97年12月30日修正,
03736,D0070209,濕地保育法,中華民國102年6月18日制定,
03747,O0000018,行政院環境保護署毒物及化學物質局組織法,中華民國105年12月9日制定,
04001,D0070073,工程技術顧問公司管理條例,中華民國92年6月3日制定,
04003,A0030293,前瞻基礎建設特別條例,中華民國106年7月5日制定,
04101,A0000001,中華民國憲法,中華民國35年12月25日制定,
04102,,動員戡亂時期臨時條款,中華民國80年5月1日,
04103,A0000003,憲法實施之準備程序,中華民國35年12月24日制定,
04104,A0000004,訓政結束程序法,中華民國36年12月22日制定,
04105,A0000002,中華民國憲法增修條文,中華民國93年8月23日修正,
04106,D0020050,公民投票法,中華民國108年6月17日修正,
04108,A0030110,九二一震災重建暫行條例,中華民國95年2月4日期滿廢止,
04201,A0010001,國民大會組織法,中華民國94年5月20日修正,
04203,D0020003,國民大會代表立法院立法委員選舉總事務所組織條例,中華民國92年5月13日廢止,
04204,D0020001,國民大會代表選舉罷免法,中華民國92年5月27日廢止,
04205,D0020002,國民大會代表選舉罷免法施行條例,中華民國92年5月27日廢止,
04206,D0020004,國民大會代表立法院立法委員選舉補充條例,中華民國92年5月27日廢止,
04207,,第一屆國民大會代表出缺遞補補充條例,中華民國77年3月9日廢止,
04209,,國民大會代表報酬及費用支給條例,中華民國94年5月20日廢止,
04210,A0020002,國民大會同意權行使法,中華民國81年10月30日制定,
04211,D0020056,國民大會職權行使法,中華民國94年5月20日制定,
04212,D0020055,國民大會代表選舉法,中華民國95年1月6日廢止,
04301,A0010012,中華民國總統府組織法,中華民國99年8月19日修正,
04302,A0010013,國策顧問委員會組織條例,中華民國86年4月18日廢止,
04303,A0010014,戰略顧問委員會組織條例,中華民國86年4月18日廢止,
04304,,光復大陸設計研究委員會組織條例,中華民國80年7月9日廢止,
04305,A0010015,稽勳委員會組織條例,中華民國86年4月18日廢止,
04306,A0010016,中央研究院組織法,中華民國102年12月31日修正,國立中央研究院組織法
04307,A0010021,國家安全會議組織法,中華民國92年6月5日全文修正,
04308,A0020039,中央研究院評議會條例,中華民國98年12月15日廢止,
04309,A0010017,國史館組織條例,中華民國90年10月4日全文修正,
04310,A0010018,國父陵園管理委員會組織條例,中華民國35年6月18日制定,
04311,A0020001,總統副總統選舉罷免法,中華民國88年11月30日廢止,
04312,,總統副總統宣誓條例,中華民國43年5月7日制定,
04313,A0030002,卸任總統副總統禮遇條例,中華民國99年8月19日修正,卸任總統禮遇條例
04314,,印信條例,中華民國96年3月2日修正,
04315,A0030006,勳章條例,中華民國70年11月20日,
04316,A0020040,國立中央研究院基金條例,中華民國98年10月23日廢止,
04317,A0010022,國家安全局組織法,中華民國108年12月17日修正,
04318,D0020053,總統副總統選舉罷免法,中華民國109年4月17日修正,
04319,A0030227,總統副總統待遇支給條例,中華民國97年5月9日制定,
04325,A0030246,特種勤務條例,中華民國108年11月5日修正,
04326,H0000170,國家人權博物館組織法,中華民國106年11月28日制定,
04327,A0030015,總統副總統文物管理條例,中華民國106年12月8日修正,
04401,A0010044,立法院組織法,中華民國105年11月25日修正,
04402,A0010043,立法院各委員會組織法,中華民國98年1月13日修正,
04403,D0020006,立法院立法委員選舉罷免法,中華民國92年5月27日廢止,
04404,D0020007,立法院立法委員選舉罷免法施行條例,中華民國92年5月27日廢止,
04405,A0030133,中央法規標準法,中華民國93年5月4日修正,
04406,D0020062,遊說法,中華民國96年7月20日制定,
04412,A0020064,立法委員行為法,中華民國91年1月15日修正,
04414,A0020058,立法院職權行使法,中華民國107年11月6日修正,
04501,A0010051,司法院組織法,中華民國109年5月22日修正,
04502,A0010053,法院組織法,中華民國107年12月7日修正,
04503,A0010054,最高法院設置分庭條例,中華民國32年7月20日全文修正,
04504,A0010055,行政法院組織法,中華民國109年5月22日修正,
04505,A0010056,懲戒法院組織法,中華民國109年5月22日全文修正,公務員懲戒委員會組織法;中央公務員懲戒委員會組織法
04506,A0030159,憲法訴訟法,中華民國107年12月18日全文修正,司法院大法官審理案件法;司法院大法官會議法
04507,,民法第一編總則,中華民國108年5月24日修正,
04508,B0000002,民法總則施行法,中華民國104年5月26日修正,
04509,,民法第二編債,中華民國99年5月7日修正,
04510,B0000003,民法債編施行法,中華民國98年12月15日修正,
04511,,民法第三編物權,中華民國101年5月29日修正,
04512,B0000004,民法物權編施行法,中華民國99年1月5日修正,
04513,,民法第四編親屬,中華民國108年5月24日修正,
04514,B0000005,民法親屬編施行法,中華民國101年12月7日修正,
04515,,民法第五編繼承,中華民國103年12月30日修正,
04516,B0000006,民法繼承編施行法,中華民國102年1月11日修正,
04517,J0080001,公司法,中華民國107年7月6日修正,
04518,G0380028,票據法,中華民國76年6月22日修正,
04519,K0070002,海商法,中華民國98年6月12日修正,
04520,G0390002,保險法,中華民國109年5月22日修正,
04521,G0380024,動產擔保交易法,中華民國96年6月14日修正,
04522,B0010006,破產法,中華民國107年5月22日修正,
04523,B0010007,破產法施行法,中華民國107年5月22日修正,
04524,B0000007,涉外民事法律適用法,中華民國99年4月30日全文修正,
04525,B0010010,公證法,中華民國108年3月19日修正,
04526,B0010012,提存法,中華民國96年11月27日全文修正,
04527,B0010001,民事訴訟法,中華民國107年11月9日修正,中華民國民事訴訟法
04528,B0010002,民事訴訟法施行法,中華民國107年11月9日修正,中華民國民事訴訟法施行法
04529,B0010003,民事訴訟費用法,中華民國92年1月14日廢止,
04530,B0010015,民刑事訴訟卷宗滅失案件處理法,中華民國62年4月20日制定,
04531,J0160003,核子損害賠償法,中華民國86年4月25日全文修正,
04532,B0010008,非訟事件法,中華民國107年5月22日修正,
04533,I0020003,鄉鎮市調解條例,中華民國98年12月15日修正,
04534,B0010004,強制執行法,中華民國108年5月10日修正,
04535,B0010005,管收條例,中華民國69年7月11日修正,
04536,C0000001,中華民國刑法,中華民國108年12月31日修正,
04537,C0000002,中華民國刑法施行法,中華民國108年12月6日修正,
04538,C0000003,妨害國幣懲治條例,中華民國100年6月10日修正,妨害國幣懲治暫行條例
04539,F0120002,妨害兵役治罪條例,中華民國100年5月3日修正,
04540,C0000004,妨害國家總動員懲罰暫行條例,中華民國92年12月16日廢止,
04541,C0000005,懲治盜匪條例,中華民國91年1月8日廢止,
04542,C0000006,懲治走私條例,中華民國101年5月29日修正,
04543,M0030001,違反糧食管理治罪條例,中華民國86年5月16日廢止,
04544,C0000010,懲治叛亂條例,中華民國80年5月17日廢止,
04545,C0000012,戡亂時期檢肅匪諜條例,中華民國80年5月24日廢止,
04546,,殘害人群治罪條例,中華民國42年5月8日制定,
04547,C0000008,毒品危害防制條例,中華民國108年12月17日修正,肅清煙毒條例;戡亂時期肅清煙毒條例
04548,I0030004,竊盜犯贓物犯保安處分條例,中華民國95年5月5日修正,戡亂時期竊盜犯贓物犯保安處分條例
04549,D0080051,檢肅流氓條例,中華民國98年1月6日廢止,動員戡亂時期檢肅流氓條例
04550,C0010011,少年事件處理法,中華民國108年5月31日修正,
04551,C0000007,貪污治罪條例,中華民國105年5月27日修正,戡亂時期貪污治罪條例
04552,C0010001,刑事訴訟法,中華民國108年12月17日修正,中華民國刑事訴訟法
04553,C0010002,刑事訴訟法施行法,中華民國108年12月17日修正,中華民國刑事訴訟法施行法
04554,C0010008,提審法,中華民國102年12月24日全文修正,
04555,C0010013,公設辯護人條例,中華民國96年6月14日修正,
04556,I0030006,調度司法警察條例,中華民國69年6月20日修正,
04557,,赦免法,中華民國80年9月24日修正,
04558,C0010006,中華民國六十年罪犯減刑條例,中華民國60年8月27日制定,
04559,C0010007,中華民國六十四年罪犯減刑條例,中華民國64年5月30日制定,
04560,,中美共同防禦期間處理在華美軍人員刑事案件條例,中華民國68年12月31日,
04561,A0030020,訴願法,中華民國101年6月5日修正,
04562,A0030154,行政訴訟法,中華民國108年12月13日修正,
04563,A0030155,公務員懲戒法,中華民國109年5月22日全文修正,
04564,S0020049,司法人員人事條例,中華民國109年5月22日修正,
04565,A0030243,法官法,中華民國109年5月22日修正,
04569,C0010018,中華民國八十年罪犯減刑條例,中華民國79年12月28日制定,
04570,A0010058,法官學院組織法,中華民國102年4月30日全文修正,司法院司法人員研習所組織條例
04574,C0000013,組織犯罪防制條例,中華民國106年12月15日修正,
04576,F0120018,戒嚴時期不當叛亂暨匪諜審判案件補償條例,中華民國95年12月15日修正,
04577,A0030161,證人保護法,中華民國107年5月22日修正,
04580,A0030116,千禧年資訊年序爭議處理法,中華民國88年12月30日制定,
04581,A0030156,行政訴訟法施行法,中華民國108年12月13日修正,
04583,B0010048,家事事件法,中華民國108年5月24日修正,
04584,A0030157,法律扶助法,中華民國104年6月15日全文修正,
04585,B0010030,民事訴訟合意選定法官審判暫行條例,中華民國97年9月5日期滿廢止,
04590,B0010042,消費者債務清理條例,中華民國107年11月30日修正,
04591,A0010090,智慧財產及商業法院組織法,中華民國108年12月17日全文修正,智慧財產法院組織法
04592,A0030215,智慧財產案件審理法,中華民國103年5月20日修正,
04595,C0010026,中華民國九十六年罪犯減刑條例,中華民國96年6月15日制定,
04596,C0010027,刑事妥速審判法,中華民國108年5月24日修正,
04597,A0010100,少年及家事法院組織法,中華民國103年1月10日修正,
04601,A0010063,考試院組織法,中華民國108年12月10日修正,
04602,R0000001,考選部組織法,中華民國83年11月10日全文修正,
04603,S0000001,銓敘部組織法,中華民國90年12月28日修正,
04604,A0010064,考銓處組織條例,中華民國35年1月31日制定,
04605,R0030001,公務人員考試法,中華民國107年11月6日修正,
04606,R0030111,特種考試邊區行政人員考試條例,中華民國82年4月8日廢止,
04607,,縣長考試條例,中華民國82年4月8日廢止,
04608,,非常時期特種考試暫行條例,中華民國82年4月8日廢止,
04609,,省縣公職候選人考試法,中華民國82年4月8日廢止,
04610,R0030035,公務人員升官等考試法,中華民國103年12月23日修正,公務人員升等考試法
04611,R0040008,外國人應專門職業及技術人員考試條例,中華民國90年10月30日廢止,
04612,R0040001,專門職業及技術人員考試法,中華民國107年11月6日修正,
04613,,典試法,中華民國104年1月20日全文修正,
04614,,分類職位公務人員考試典試法,中華民國77年10月20日廢止,
04615,R0020004,監試法,中華民國39年10月17日全文修正,
04617,,公務人員任用法,中華民國108年3月19日修正,
04618,A0040010,縣長任用法,中華民國91年5月17日廢止,
04619,S0020029,技術人員任用條例,中華民國91年1月8日廢止,
04620,A0040011,縣行政人員任用條例,中華民國91年5月17日廢止,
04621,S0020013,蒙藏邊區人員任用條例,中華民國25年12月18日制定,
04622,,軍法人員轉任司法官條例,中華民國33年9月20日制定,
04624,S0020020,農林事業人員任用條例,中華民國88年11月30日廢止,
04625,S0020021,國家銀行職員任免條例,中華民國89年12月1日廢止,
04626,S0020009,交通事業人員任用條例,中華民國92年5月2日修正,
04627,,特種考試復員軍官佐轉業考試及格人員轉任文職條例,中華民國82年7月9日廢止,
04628,S0020007,駐外外交領事人員任用條例,中華民國106年12月26日修正,
04629,S0020004,審計人員任用條例,中華民國64年4月18日全文修正,
04630,H0150017,教育人員任用條例,中華民國103年1月3日修正,
04631,S0020014,聘用人員聘用條例,中華民國61年1月25日修正,
04632,S0020016,派用人員派用條例,中華民國104年6月2日廢止,
04634,,公務人員俸給法,中華民國96年12月21日修正,
04635,S0030010,立法委員監察委員歲費公費支給暫行條例,中華民國37年12月31日全文修正,
04636,S0030009,總統副總統及特任人員月俸公費支給暫行條例,中華民國37年12月31日制定,
04639,R0030060,後備軍人轉任公職考試比敘條例,中華民國91年1月8日修正,
04640,S0020018,戰地公務人員管理條例,中華民國91年12月24日廢止,
04641,,公務人員考績法,中華民國96年3月2日修正,
04643,,邊遠地區服務人員獎勵條例,中華民國89年12月1日廢止,
04644,,反共抗俄立功人員獎敘條例,中華民國82年4月8日廢止,
04645,S0080001,公務人員退休法,中華民國107年11月6日廢止,公務員退休法
04646,S0080004,政務人員退職酬勞金給與條例,中華民國92年12月31日期滿廢止,政務官退職酬勞金給與條例
04647,S0090001,公務人員撫卹法,中華民國107年11月6日廢止,公務員撫卹法
04648,H0150006,學校教職員撫卹條例,中華民國108年4月9日廢止,
04649,S0050001,公務員進修及考察選送條例,中華民國91年5月10日廢止,
04650,S0070001,公教人員保險法,中華民國104年11月17日修正,公務人員保險法
04651,S0070011,公務人員眷屬疾病保險條例,中華民國88年5月11日廢止,
04652,S0110001,人事管理條例,中華民國72年7月12日修正,
04653,,高等考試及格人員縣長挑選條例,中華民國82年4月8日廢止,
04654,S0020038,公務員服務法,中華民國89年6月30日修正,
04655,,公務人員交代條例,中華民國42年12月18日全文修正,
04659,S0020033,專門職業及技術人員轉任公務人員條例,中華民國96年12月21日修正,
04660,S0050004,公務人員訓練進修法,中華民國102年11月26日修正,
04662,S0080033,公職人員年資併社團專職人員年資計發退離給與處理條例,中華民國106年4月25日制定,
04663,S0000013,公務人員保障暨培訓委員會組織法,中華民國98年10月23日全文修正,
04664,S0120001,公務人員保障法,中華民國106年5月26日修正,
04666,S0110033,公務人員陞遷法,中華民國98年3月31日全文修正,
04667,S0080006,公務人員退休撫卹基金管理條例,中華民國83年12月13日制定,
04668,S0000011,公務人員退休撫卹基金監理委員會組織條例,中華民國84年1月6日制定,
04671,S0000010,公務人員退休撫卹基金管理委員會組織條例,中華民國83年12月30日制定,
04672,S0000012,公務人力發展中心組織條例,中華民國103年5月30日廢止,
04673,S0110036,公務人員行政中立法,中華民國103年11月11日修正,
04677,S0000009,國家文官學院組織法,中華民國98年10月23日全文修正,國家文官培訓所組織條例
04681,S0010008,公務人員協會法,中華民國95年4月25日修正,
04685,S0080016,政務人員退職撫卹條例,中華民國106年6月30日全文修正,
04686,K0020018,交通事業人員考成條例,中華民國91年6月7日制定,
04687,S0080034,公務人員退休資遣撫卹法,中華民國106年6月27日制定,
04690,A0010102,行政法人法,中華民國100年4月8日制定,
04692,H0150049,公立學校教職員退休資遣撫卹條例,中華民國106年6月29日制定,
04701,A0010071,監察院組織法,中華民國108年12月10日修正,
04702,A0010072,監察院各委員會組織法,中華民國108年12月10日修正,
04703,A0010073,監察院監察委員行署組織條例,中華民國38年5月20日修正,
04704,U0000001,審計部組織法,中華民國99年4月20日修正,
04705,U0000002,審計處室組織通則,中華民國70年4月3日全文修正,審計處室組織條例
04706,D0020008,監察院監察委員選舉罷免法,中華民國92年5月27日廢止,
04707,D0020009,監察院監察委員選舉罷免法施行條例,中華民國92年5月27日廢止,
04708,A0030199,監察法,中華民國108年5月31日修正,
04709,U0010001,審計法,中華民國104年11月20日修正,
04710,U0010008,機關營繕工程及購置定製變賣財物稽察條例,中華民國88年5月11日廢止,
04711,I0070005,公職人員財產申報法,中華民國108年5月3日修正,
04712,I0070008,公職人員利益衝突迴避法,中華民國107年5月22日全文修正,
04714,A0010030,三一九槍擊事件真相調查特別委員會條例,中華民國95年4月11日修正,
04716,A0010119,監察院國家人權委員會組織法,中華民國108年12月10日制定,
04801,D0020012,省政府組織法,中華民國89年3月21日廢止,
04802,D0020014,市組織法,中華民國89年3月21日廢止,
04803,D0020016,縣組織法,中華民國89年3月21日廢止,
04804,D0020017,縣組織法施行法,中華民國83年11月10日廢止,
04805,D0020019,鄉鎮組織暫行條例,中華民國89年3月21日廢止,
04809,A0040001,省縣自治法,中華民國88年3月30日廢止,
04811,A0040002,直轄市自治法,中華民國88年3月30日廢止,
04812,F0070011,金門馬祖東沙南沙地區安全及輔導條例,中華民國87年5月29日廢止,
04817,A0040012,臺灣省政府功能業務與組織調整暫行條例,中華民國94年12月31日期滿廢止,
04818,A0040003,地方制度法,中華民國105年5月27日修正,
04819,D0020039,地方民意代表費用支給及村里長事務補助費補助條例,中華民國108年5月31日,
04822,D0000117,海南特區行政長官公署組織條例,中華民國92年5月13日廢止,
04823,D0000118,海南建省籌備委員會組織條例,中華民國92年5月13日廢止,
04824,D0000116,設治局組織條例,中華民國92年5月13日廢止,
04825,D0020044,省參議員選舉條例,中華民國92年5月27日廢止,
04826,D0000114,市參議會組織條例,中華民國92年5月13日廢止,
04827,D0020045,市參議員選舉條例,中華民國92年5月27日廢止,
04828,D0000115,縣參議會組織條例,中華民國92年5月13日廢止,
04829,D0020046,縣參議員選舉條例,中華民國92年5月27日廢止,
04830,D0020047,鄉鎮民代表選舉條例,中華民國92年5月27日廢止,
04832,D0000113,省參議會組織條例,中華民國92年5月13日廢止,
04901,A0030018,公文程式條例,中華民國96年3月2日修正,
04902,A0030013,宣誓條例,中華民國109年5月22日修正,
04903,S0110017,獎章條例,中華民國108年3月29日修正,
04904,D0020022,服制條例,中華民國92年5月27日廢止,
04905,F0030001,特級上將授任條例,中華民國89年10月13日廢止,
04906,F0070003,衛戍條例,中華民國89年10月13日廢止,
05109,D0000103,內政部警政署鐵路警察局組織條例,中華民國104年12月1日廢止,
05110,D0000104,內政部警政署臺灣保安警察總隊組織條例,中華民國104年12月1日廢止,
05111,D0000106,內政部警政署港務警察局組織通則,中華民國104年12月1日廢止,
05112,D0000107,內政部警政署警察廣播電臺組織條例,中華民國104年12月1日廢止,
05113,D0000108,內政部警政署民防防情指揮管制所組織條例,中華民國104年12月1日廢止,
05114,D0000109,內政部警政署警察機械修理廠組織條例,中華民國104年12月1日廢止,
05115,E0040019,華僑身分證明條例,中華民國104年12月8日修正,
05117,D0000112,內政部空中勤務總隊組織法,中華民國102年8月6日全文修正,
05119,D0080145,警察職權行使法,中華民國100年4月8日修正,
05120,D0020040,殯葬管理條例,中華民國106年5月26日修正,
05121,D0130004,原住民敬老福利生活津貼暫行條例,中華民國98年4月14日廢止,
05123,D0130032,原住民保留地禁伐補償條例,中華民國108年12月10日全文修正,原住民保留地禁伐補償及造林回饋條例
05125,D0050001,兒童及少年福利與權益保障法,中華民國108年12月13日修正,兒童及少年福利法
05126,D0090010,海岸巡防機關器械使用條例,中華民國92年6月6日制定,
05128,D0130021,原住民族傳統智慧創作保護條例,中華民國104年1月22日修正,
05131,D0060090,國土測繪法,中華民國96年3月5日制定,
05135,D0120005,爆竹煙火管理條例,中華民國99年4月30日全文修正,
05143,L0070036,公共場所母乳哺育條例,中華民國108年3月29日修正,
05144,D0000148,警察消防海巡移民空勤人員及協勤民力安全基金設置管理條例,中華民國106年11月14日修正,警察消防海巡空勤人員及協勤民力安全基金設置管理條例
05145,L0020143,漢生病病患人權保障及補償條例,中華民國97年7月18日制定,
05146,D0020063,祭祀公業條例,中華民國96年3月2日制定,
05151,H0070031,幼兒教育及照顧法,中華民國107年5月29日全文修正,
05152,D0080177,人口販運防制法,中華民國105年5月6日修正,
05161,A0030237,莫拉克颱風災後重建特別條例,中華民國103年8月29日期滿廢止,
05164,D0140005,客家基本法,中華民國106年12月29日全文修正,
05165,D0050193,兒童權利公約施行法,中華民國108年5月31日修正,
05167,D0050175,消除對婦女一切形式歧視公約施行法,中華民國100年5月20日制定,
05179,D0000159,內政部警政署組織法,中華民國102年8月6日制定,
05180,D0000160,內政部建築研究所組織法,中華民國102年8月6日制定,
05181,D0000161,內政部役政署組織法,中華民國102年8月6日制定,
05182,D0050194,身心障礙者權利公約施行法,中華民國103年8月1日制定,
05183,D0090032,海洋委員會海洋保育署組織法,中華民國104年6月16日制定,
05185,D0090033,國家海洋研究院組織法,中華民國104年6月16日制定,
05201,A0030312,政治檔案條例,中華民國108年7月4日制定,
05202,L0020188,生產事故救濟條例,中華民國104年12月11日制定,
05212,D0090064,海洋基本法,中華民國108年11月1日制定,
05400,H0070073,偏遠地區學校教育發展條例,中華民國106年11月21日制定,
06054,D0000173,客家委員會客家文化發展中心組織法,中華民國104年12月1日制定,
06058,D0130039,財團法人原住民族語言研究發展基金會設置條例,中華民國107年11月20日制定,
06059,H0170142,文化內容策進院設置條例,中華民國107年12月25日制定,
06810,K0000155,交通部鐵道局組織法,中華民國106年12月26日制定,
06820,K0000153,交通部高速公路局組織法,中華民國106年5月26日制定,
06821,D0070266,國家住宅及都市更新中心設置條例,中華民國107年1月30日制定,
07101,H0070071,教保服務人員條例,中華民國106年3月31日制定,
07104,L0070051,長期照顧服務機構法人條例,中華民國106年12月29日制定,
07118,K0060111,電信管理法,中華民國108年5月31日制定,
07121,L0030106,醫療器材管理法,中華民國108年12月13日制定,
07122,D0050205,兒童及少年未來教育與發展帳戶條例,中華民國107年5月15日制定,
07128,I0030053,國際刑事司法互助法,中華民國107年4月10日制定,
07129,H0070078,高級中等以下學校學生及教保服務機構幼兒團體保險條例,中華民國107年5月29日制定,
07131,J0030147,無人載具科技創新實驗條例,中華民國107年11月30日制定,
07132,B0010064,勞動事件法,中華民國107年11月9日制定,
07135,H0080100,教育部所屬機構作業基金設置條例,中華民國107年11月9日制定,
07136,K0000197,財團法人鐵道技術研究及驗證中心設置條例,中華民國108年10月29日制定,
07137,D0140020,財團法人客家公共傳播基金會設置條例,中華民國107年12月25日制定,
07149,B0000008,司法院釋字第七四八號解釋施行法,中華民國108年5月17日制定,
07152,N0090055,中高齡者及高齡者就業促進法,中華民國108年11月15日制定,
07154,P0040012,國家電影及視聽文化中心設置條例,中華民國108年12月10日制定,
07157,L0020213,自殺防治法,中華民國108年5月31日制定,
07158,G0340155,境外資金匯回管理運用及課稅條例,中華民國108年7月3日制定,
07162,A0030317,反滲透法,中華民國108年12月31日制定,
07165,F0090027,新式戰機採購特別條例,中華民國108年10月29日制定,
07166,B0010071,商業事件審理法,中華民國108年12月17日制定,
07171,L0000097,中醫藥發展法,中華民國108年12月6日制定,
07181,L0050039,嚴重特殊傳染性肺炎防治及紓困振興特別條例,中華民國109年4月21日修正,
07183,M0090035,農民退休儲金條例,中華民國109年5月22日制定,
08101,J0130032,再生能源發展條例,中華民國108年4月12日全文修正,
08102,J0070030,光碟管理條例,中華民國105年11月15日修正,
08103,E0020013,國際合作發展法,中華民國99年5月18日制定,
08106,J0000087,經濟部能源局組織條例,中華民國93年1月9日制定,
08107,J0080041,企業併購法,中華民國104年6月15日全文修正,
08108,A0020051,自由貿易港區設置管理條例,中華民國107年12月28日修正,
08110,J0090030,因應貿易自由化調整支援條例,中華民國104年12月15日制定,
08113,J0130045,天然氣事業法,中華民國109年5月12日修正,
08119,J0110072,水患治理特別條例,中華民國103年1月26日期滿廢止,
08120,J0110073,石門水庫及其集水區整治特別條例,中華民國101年1月26日期滿廢止,
08121,J0080051,有限合夥法,中華民國104年6月5日制定,
08123,J0110083,曾文南化烏山頭水庫治理及穩定南部地區供水特別條例,中華民國105年5月11日期滿廢止,
08125,H0170075,文化創意產業發展法,中華民國107年12月25日修正,
08128,J0040051,產業創新條例,中華民國108年6月21日修正,
08131,A0030232,振興經濟消費券發放特別條例,中華民國98年9月30日期滿廢止,
08133,H0170151,文化基本法,中華民國108年5月10日制定,
08137,G0380226,金融消費者保護法,中華民國105年12月9日修正,
08148,G0340128,特種貨物及勞務稅條例,中華民國104年6月5日修正,
08149,J0150017,多層次傳銷管理法,中華民國103年1月14日制定,
08156,J0110090,流域綜合治理特別條例,中華民國103年1月14日制定,
08160,J0110094,再生水資源發展條例,中華民國104年12月14日制定,
08180,A0030295,外國專業人才延攬及僱用法,中華民國106年10月31日制定,
90001,,商會法,中華民國61年7月14日廢止,
90002,,商業同業公會法,中華民國61年7月14日廢止,
90003,,省防空司令部組織條例,中華民國67年10月17日廢止,
90004,,省防空司令部組織條例,中華民國67年10月17日廢止,
90005,,防空疏散建築用地徵用領用條例,中華民國72年4月8日廢止,
90006,,陸軍中將加銜暫行條例,中華民國59年5月19日廢止,
90007,,博士學位評定會組織條例,中華民國72年4月26日廢止,
90008,,陸軍大學校組織法,中華民國67年10月17日廢止,
90009,,名譽博士學位授予條例,中華民國66年1月18日廢止,
90010,N0030013,國民義務勞動法,中華民國68年11月9日廢止,
90011,,中央法規制定標準法,中華民國59年8月18日廢止,
90012,,法律廢止條例,中華民國59年8月18日廢止,
90013,,法律施行日期條例,中華民國59年8月18日廢止,
90014,,東南鼠疫防治處組織條例,中華民國61年3月7日廢止,
90015,,內政部檢疫所組織條例,中華民國61年3月21日廢止,
90016,,取締棉花攙水攙雜暫行條例,中華民國61年10月31日廢止,
90017,,陸軍禮節條例,中華民國61年10月31日廢止,
90018,,海軍禮節條例,中華民國61年10月31日廢止,
90019,,僑務委員會駐各口岸僑務局組織條例,中華民國61年11月28日廢止,
90020,,經濟部高雄加工出口區管理處組織條例,中華民國61年12月15日廢止,
90021,G0340074,遺產稅法,中華民國62年1月26日廢止,
90022,,造船獎勵條例,中華民國62年3月13日廢止,
90023,,中國農民銀行兼辦土地金融業務條例,中華民國61年10月31日廢止,
90024,,財政部鹽務總局鹽警管理處組織條例,中華民國62年3月27日廢止,
90025,,中央古物保管委員會組織條例,中華民國62年3月27日廢止,
90026,,考試法,中華民國75年1月10日廢止,
90027,,分類職位公務人員考試法,中華民國75年1月10日廢止,
90028,,分類職位公務人員任用法,中華民國76年1月9日廢止,
90029,,分類職位公務人員俸給法,中華民國76年1月9日廢止,
90030,,公務職位分類法,中華民國76年1月9日廢止,
90031,,國軍軍官佐考績條例,中華民國68年12月14日廢止,
90032,,戰時全國技術員工管制條例,中華民國61年3月7日廢止,
90033,,船舶無線電台條例,中華民國59年5月19日廢止,
90034,,臺灣省糧食實物債券條例,中華民國74年11月19日廢止,
90035,,衛生事業人員任用條例,中華民國74年10月8日廢止,
90036,G0430008,利率管理條例,中華民國74年11月22日廢止,
90037,,陸軍軍旗條例,中華民國74年12月17日廢止,
90038,,海軍旗章條例,中華民國74年12月17日廢止,
90039,,空軍軍旗條例,中華民國74年12月17日廢止,
90040,J0020015,礦場法,中華民國75年11月11日廢止,
90041,,捐資興辦社會福利事業褒獎條例,中華民國75年11月18日廢止,
90042,,興辦水利事業獎勵條例,中華民國75年11月18日廢止,
90043,,屠宰稅法,中華民國76年4月14日廢止,
90044,,狩獵法,中華民國78年6月9日廢止,
90045,,師範學校法,中華民國68年11月6日廢止,
90046,,工業會法,中華民國63年12月17日廢止,
90047,,臺灣省實物土地債券條例,中華民國69年12月26日廢止,
90048,,縣長考績條例,中華民國68年11月9日廢止,
90049,,陸軍軍官佐任職暫行條例,中華民國70年1月6日廢止,
90050,,空軍軍官佐任職暫行條例,中華民國70年1月6日廢止,
90051,,經濟部農業局組織條例,中華民國74年10月8日廢止,
90052,,警察官任用條例,中華民國65年1月6日廢止,
90053,,筵席及娛樂稅法,中華民國69年5月27日廢止,
90054,,電影檢查法,中華民國72年11月8日廢止,
90055,,財政部關務署組織法,中華民國71年11月9日廢止,
90056,,種痘條例,中華民國70年12月29日廢止,
90057,,社會救濟法,中華民國69年5月30日廢止,
90058,,九年國民教育實施條例,中華民國68年5月8日廢止,
90059,,中學法,中華民國68年4月20日廢止,
90060,,國民學校法,中華民國68年5月8日廢止,
90061,,兵工廠組織條例,中華民國71年12月21日廢止,
90062,D0050183,輸出業同業公會法,中華民國71年12月3日廢止,
90063,,中央原子醫學實驗院組織條例,中華民國68年3月27日廢止,
90064,,度量衡器及計量器營業條例,中華民國73年4月6日廢止,
90065,,中央造幣廠組織法,中華民國71年5月21日廢止,
90066,,古物保存法,中華民國71年5月18日廢止,
90067,,商港條例,中華民國69年4月15日廢止,
90068,,職業訓練金條例,中華民國72年11月22日廢止,
90069,,戰爭罪犯審判條例,中華民國67年5月12日廢止,
90070,,陸海空軍軍官任官條例,中華民國69年6月20日廢止,
90071,,中央生物化學製藥實驗處組織條例,中華民國62年5月25日廢止,
90072,,中央防疫實驗處組織條例,中華民國62年5月25日廢止,
90073,,統一中外地名譯文委員會組織條例,中華民國62年5月25日廢止,
90074,,工廠法施行條例,中華民國64年12月9日廢止,
90075,,交通部交通技術標準委員會組織條例,中華民國62年5月25日廢止,
90076,,分類職位公務人員考績法,中華民國76年1月9日廢止,
90077,,分類職位公務人員考績法,中華民國62年5月25日廢止,
90078,G0360003,民國三十八年黃金短期公債條例,中華民國38年1月19日制定,
90079,,教育部國民教育輔導研究委員會組織條例,中華民國62年5月25日廢止,
90080,,教育部文化局組織條例,中華民國62年7月10日廢止,
90081,,內政部藥品供應處組織條例,中華民國62年5月22日廢止,
90082,,內政部黑熱病防治處組織條例,中華民國62年5月22日廢止,
90083,,田賦徵收實物條例,中華民國66年7月1日廢止,
90084,,鹽稅計徵條例,中華民國66年6月28日廢止,
90085,,公證費用法,中華民國63年1月15日廢止,
90086,,財政部稅務署組織法,中華民國62年10月16日廢止,
90087,,興建國民住宅貸款條例,中華民國64年7月1日廢止,
90088,,地方政府暨所屬機關主計機構及人員設置條例,中華民國70年12月15日廢止,
90089,,主計人員任用條例,中華民國70年12月15日廢止,
90090,,行政院主計處設置各機關歲計會計統計人員條例,中華民國70年12月15日廢止,
90091,,票據法施行法,中華民國62年5月15日廢止,
90092,,非訟事件費用法,中華民國61年8月29日廢止,
90093,,工人出國條例,中華民國70年10月20日廢止,
90094,,警察逃亡懲治條例,中華民國70年10月27日廢止,
90095,,典試法,中華民國77年10月20日廢止,
90096,,技術人員任用條例,中華民國80年10月15日廢止,
90097,,中央政府興建臺灣區高速公路第二期工程建設公債發行條例,中華民國64年11月25日廢止,
90098,,中華民國三十八年愛國公債條例,中華民國62年3月30日廢止,
90099,,中華民國常駐聯合國代表團組織條例,中華民國62年11月20日停止適用,
90100,,公務人員升等考試法,中華民國77年1月11日廢止,
90101,,公務人員考績法,中華民國76年1月9日廢止,
90102,,公務人員任用法,中華民國76年1月9日廢止,
90103,,公務人員俸給法,中華民國76年1月9日廢止,
90104,,國立北平圖書館組織條例,中華民國62年3月27日廢止,
90105,,國立蘭州圖書館組織條例,中華民國62年3月27日廢止,
90106,,國立甘肅科學教育館組織條例,中華民國62年3月27日廢止,
90107,,國立北平研究院組織條例,中華民國62年3月27日廢止,
90108,,教育部國民體育委員會組織條例,中華民國62年7月10日廢止,
90109,,中華民國五十年短期公債發行條例,中華民國59年11月13日廢止,
90110,,中華民國五十一年短期公債發行條例,中華民國60年10月26日廢止,
90111,,中華民國五十三年度公債發行條例,中華民國61年10月31日廢止,
90112,,中華民國五十四年度公債發行條例,中華民國63年12月6日廢止,
90113,,中華民國六十三年度公債發行條例,中華民國64年11月25日廢止,
90114,,中華民國六十四年度公債發行條例,中華民國64年11月25日廢止,
90115,,中華民國五十二年度中央政府總預算施行條例,中華民國62年3月13日廢止,
90116,,中華民國五十三年度中央政府總預算施行條例,中華民國62年3月13日廢止,
90117,,中華民國五十四年度中央政府總預算施行條例,中華民國62年3月13日廢止,
90118,,中華民國五十五年度中央政府總預算施行條例,中華民國62年3月13日廢止,
90119,,中華民國五十六年度中央政府總預算施行條例,中華民國62年3月13日廢止,
90120,,中華民國五十七年度中央政府總預算施行條例,中華民國64年12月2日廢止,
90121,,中華民國五十八年度中央政府總預算施行條例,中華民國64年12月2日廢止,
90122,,中華民國五十九年度中央政府總預算施行條例,中華民國64年12月2日廢止,
90123,,中華民國六十年度中央政府總預算施行條例,中華民國66年3月25日廢止,
90124,,中華民國六十一年度中央政府總預算施行條例,中華民國68年11月16日廢止,
90125,,中華民國六十二年度中央政府總預算施行條例,中華民國68年11月16日廢止,
90126,,中華民國六十三年度中央政府總預算施行條例,中華民國68年10月9日,
90127,,中華民國六十四年度中央政府總預算施行條例,中華民國71年2月9日期滿廢止,
90128,,中華民國六十五年度中央政府總預算施行條例,中華民國71年2月9日期滿廢止,
90129,,中華民國六十六年度中央政府總預算施行條例,中華民國72年12月12日期滿廢止,
90130,,中華民國六十七年度中央政府總預算施行條例,中華民國72年12月12日期滿廢止,
90131,,中華民國六十八年度中央政府總預算施行條例,中華民國74年7月2日期滿廢止,
90132,,中華民國六十九年度中央政府總預算施行條例,中華民國75年2月24日期滿廢止,
90133,,中華民國七十年度中央政府總預算施行條例,中華民國70年9月1日期滿廢止,
90134,,中華民國七十一年度中央政府總預算施行條例,中華民國76年9月3日期滿廢止,
90135,,中華民國七十二年度中央政府總預算執行條例,中華民國77年9月6日期滿廢止,
90136,,中華民國七十三年度中央政府總預算執行條例,中華民國78年10月30日期滿廢止,
90137,,中華民國七十四年度中央政府總預算執行條例,中華民國79年11月1日期滿廢止,
90138,,中華民國七十五年度中央政府總預算執行條例,中華民國80年10月28日期滿廢止,
90139,,中華民國七十六年度中央政府總預算執行條例,中華民國81年10月28日期滿廢止,
90140,,中華民國七十七年度中央政府總預算執行條例,中華民國82年10月30日期滿廢止,
90141,T0020007,中華民國七十八年度中央政府總預算執行條例,中華民國83年10月28日期滿廢止,
90142,T0020008,中華民國七十九年度中央政府總預算執行條例,中華民國84年11月1日期滿廢止,
90143,T0020009,中華民國八十年度中央政府總預算執行條例,中華民國85年10月16日期滿廢止,
90144,T0020010,中華民國八十一年度中央政府總預算執行條例,中華民國86年10月8日期滿廢止,
90145,T0020011,中華民國八十二年度中央政府總預算執行條例,中華民國87年10月21日期滿廢止,
90146,T0020012,中華民國八十三年度中央政府總預算執行條例,中華民國88年11月3日期滿廢止,
90147,,中華民國六十年度所得稅稅率條例,中華民國60年12月31日廢止,
90148,,中華民國六十一年度所得稅稅率條例,中華民國61年12月31日廢止,
90149,,中華民國六十二年度所得稅稅率條例,中華民國64年6月5日期滿廢止,
90150,,中華民國六十三年度所得稅稅率條例,中華民國64年6月5日期滿廢止,
90151,,中華民國六十四年度所得稅稅率條例,中華民國65年11月17日期滿廢止,
90152,,中華民國六十五年度所得稅稅率條例,中華民國66年9月8日期滿廢止,
90153,,中華民國六十六年度所得稅稅率條例,中華民國67年3月22日期滿廢止,
90154,,中華民國六十七年度所得稅稅率條例,中華民國68年7月23日期滿廢止,
90155,,中華民國六十八年度所得稅稅率條例,中華民國69年6月7日期滿廢止,
90156,,中華民國六十九年度所得稅稅率條例,中華民國70年4月8日期滿廢止,
90157,,中華民國七十年度所得稅稅率條例,中華民國71年7月9日期滿廢止,
90158,,中華民國七十一年度所得稅稅率條例,中華民國72年4月13日期滿廢止,
90159,,中華民國七十二年度所得稅稅率條例,中華民國73年6月11日期滿廢止,
90160,,中華民國七十三年度所得稅稅率條例,中華民國74年6月13日期滿廢止,
90161,,中華民國七十四年度所得稅稅率條例,中華民國75年6月21日期滿廢止,
90162,,中華民國七十五年度所得稅稅率條例,中華民國76年6月26日期滿廢止,
90163,,中華民國七十六年度所得稅稅率條例,中華民國77年6月11日期滿廢止,
90164,,中華民國七十七年度所得稅稅率條例,中華民國78年6月30日期滿廢止,
90165,,中華民國七十八年度所得稅稅率條例,中華民國79年6月30日期滿廢止,
90166,,中華民國七十九年度所得稅稅率條例,中華民國80年7月11日期滿廢止,
90167,G0340041,中華民國八十年度所得稅稅率條例,中華民國81年6月26日期滿廢止,
90168,,電話電報臨時捐徵收條例,中華民國63年8月22日期滿廢止,
90169,H0000070,國立邊疆文化教育館組織條例,中華民國94年5月20日廢止,
90170,G0300047,財政部鹽務總局組織法,中華民國97年4月22日廢止,
90171,G0300049,財政部各區鹽務辦事處組織條例,中華民國97年4月22日廢止,
90172,G0300048,財政部各區鹽務管理局組織條例,中華民國97年4月22日廢止,
90173,,民國十九年廣東省整理金融庫券章程,中華民國62年5月22日停止適用,
90174,,國立北平故宮博物院組織條例,中華民國61年3月7日停止適用,
90175,,上海市市政公債條例,中華民國62年5月22日停止適用,
90176,,上海市災區復興公債條例,中華民國62年5月22日停止適用,
90177,,中華民國三十七年短期國庫券條例,中華民國62年5月22日停止適用,
90178,,民國二十一年江浙絲業短期公債條例,中華民國62年5月22日停止適用,
90179,,民國二十一年湖北省善後公債條例,中華民國62年5月22日停止適用,
90180,,民國二十九年江蘇省整理地方財政公債條例,中華民國62年5月22日停止適用,
90181,,民國二十三年上海市市政公債條例,中華民國62年5月22日停止適用,
90182,,民國二十三年玉萍鐵路公債條例,中華民國62年5月22日停止適用,
90183,,民國二十三年江蘇省水利建設公債條例,中華民國62年5月22日停止適用,
90184,,民國二十五年北平市市政公債條例,中華民國62年5月22日停止適用,
90185,,民國二十五年江西省整理土地公債條例,中華民國62年5月22日停止適用,
90186,,民國二十五年青島市建設公債條例,中華民國62年5月22日停止適用,
90187,,民國二十六年闢濬廣東省港河工程美金公債條例,中華民國62年5月22日停止適用,
90188,,民國二十四年青島市市政公債條例,中華民國62年5月22日停止適用,
90189,,民國二十四年漢口市建設公債條例,中華民國62年5月22日停止適用,
90190,,民國二十四年廣東省建設公債條例,中華民國62年5月22日停止適用,
90191,,民國二十年四川省善後公債條例,中華民國62年5月22日停止適用,
90192,,民國二十年江蘇省運河工程短期公債條例,中華民國62年5月22日停止適用,
90193,,民國二十年財政部整理山西省金融公債條例,中華民國62年5月22日停止適用,
90194,,民國十九年建設委員會電氣事業長期公債條例,中華民國62年5月22日停止適用,
90195,,特種考試國軍退除役醫事人員執業資格考試條例,中華民國65年7月29日期滿廢止,
90196,,民國十八年南京特別市特種建設公債條例,中華民國62年5月22日停止適用,
90197,,民國十八年遼寧省整理金融公債條例,中華民國62年5月22日停止適用,
90198,,民國三十七年短期國庫券條例,中華民國62年5月22日停止適用,
90199,,民國三十二年糧食庫券條例,中華民國62年5月22日停止適用,
90200,,民國三十年滇緬鐵路金公債條例,中華民國62年5月22日停止適用,
90201,,民國三十年糧食庫券條例,中華民國62年5月22日停止適用,
90202,,河南省民國二十年善後公債條例,中華民國62年5月22日停止適用,
90203,,浙江省杭州市自來水公債條例,中華民國62年5月22日停止適用,
90204,,疏濬河北省海河工程短期公債條例,中華民國62年5月22日停止適用,
90205,,節約建國儲金條例,中華民國62年5月22日停止適用,
90206,,節約建國儲蓄券條例,中華民國62年5月22日停止適用,
90207,,漢口特別市市政公債條例,中華民國62年5月22日停止適用,
90208,,鐵道部收回廣東粵漢鐵路公債條例,中華民國62年5月22日停止適用,
90209,,廣東省政府短期金庫券條例,中華民國62年5月22日停止適用,
90481,,駐外使領館人員任用條例,中華民國48年6月9日廢止,
